,titulos,enlaces,precios,habitaciones,baños,metros_cuadrados,ciudades,region
0,"ROSSÉ APARTAMENTOS, Apartamento en Venta en Cajicá",https://www.fincaraiz.com.co/proyectos-vivienda/rosse-apartamentos-apartamentos-en-venta-en-cajica/15017467,310044931,3,2,60,cajicá,desconocido
1,"Palmaire Condominio y Club, Casa Campestre en Venta en Buenos aires, San gil",https://www.fincaraiz.com.co/proyectos-vivienda/palmaire-condominio-y-club-casas-campestres-en-venta-en-buenos-aires-san-gil/10842490,195888000,0,0,890.4,san gil,desconocido
2,"PELLARES DEL CASTILLO TIPO A, Casa en Venta en El Castillo, Cali",https://www.fincaraiz.com.co/proyectos-vivienda/pellares-del-castillo-tipo-a-casas-en-venta-en-el-castillo-cali/7107296,653600000,3,3,141,cali,Amazonía
3,"EDIFICIO LAURA, Apartamento en Venta en Alhambra, Bogotá",https://www.fincaraiz.com.co/proyectos-vivienda/edificio-laura-apartamentos-en-venta-en-alhambra-bogota/7419389,469913600,1,2,46.8,bogotá,Orinoquía
4,"ZUE ESMERALDA, Apartamento en Venta en Soacha",https://www.fincaraiz.com.co/proyectos-vivienda/zue-esmeralda-apartamentos-en-venta-en-soacha/15017446,135276300,2,1,39,soacha,desconocido
5,"ASTURIAS APARTAMENTOS CAMPESTRES, Apartamento en Venta en Cerritos, Pereira",https://www.fincaraiz.com.co/proyectos-vivienda/asturias-apartamentos-campestres-apartamentos-en-venta-en-cerritos-pereira/6558820,608336157,2,3,81.1,pereira,Andina
6,"MORRO HOUSE CONDOMINIO, Apartamento en Venta en El Morro, Tubará",https://www.fincaraiz.com.co/proyectos-vivienda/morro-house-condominio-apartamentos-en-venta-en-el-morro-tubara/7096819,600000000,3,2,120,tubará,desconocido
7,"LEPARC 29, Apartamento en Venta en Santa monica, Cali",https://www.fincaraiz.com.co/proyectos-vivienda/leparc-29-apartamentos-en-venta-en-santa-monica-cali/10617448,414460954,1,1,31.06,cali,Amazonía
8,"SCALENO 17, Apartamento en Venta en Paloquemao, Bogotá",https://www.fincaraiz.com.co/proyectos-vivienda/scaleno-17-apartamentos-en-venta-en-los-martires-bogota/7922480,207546300,1,1,30.1,bogotá,Orinoquía
9,"CATARA, Apartamento en Venta en Ciudad Mallorquín, Barranquilla",https://www.fincaraiz.com.co/proyectos-vivienda/catara-apartamentos-en-venta-en-ciudad-mallorquin-barranquilla/15017356,192172500,2,2,55.6,barranquilla,Caribe
10,"PEÑON DE ALICANTE, Apartamento en Venta en Nueva Castilla, Bogotá",https://www.fincaraiz.com.co/proyectos-vivienda/peñon-de-alicante-apartamentos-en-venta-en-nueva-castilla-bogota/10079928,409140000,3,2,63.82,bogotá,Orinoquía
11,"LA UNIÓN I DE LA MARLENE, Apartamento en Venta en Granjas san pablo, Bogotá",https://www.fincaraiz.com.co/proyectos-vivienda/la-union-i-de-la-marlene-apartamentos-en-venta-en-granjas-san-pablo-bogota/6707287,195000000,3,1,48,bogotá,Orinoquía
12,"MONTEBONITO ALTO, Apartamento en Venta en Ub. montebonito et. ii, Dosquebradas",https://www.fincaraiz.com.co/proyectos-vivienda/montebonito-alto-apartamentos-en-venta-en-ub-montebonito-et-ii-dosquebradas/15016885,252300000,3,2,50.91,dosquebradas,desconocido
13,"BOSQUES DE ALCALA, Apartamento en Venta en Bello",https://www.fincaraiz.com.co/proyectos-vivienda/bosques-de-alcala-apartamentos-en-venta-en-bello/15017518,235000000,3,2,54.51,bello,desconocido
14,"MONGUÍ, Apartamento en Venta en Guabinas, Yumbo",https://www.fincaraiz.com.co/proyectos-vivienda/mongui-apartamentos-en-venta-en-guabinas-yumbo/15017309,196000000,1,1,47.5,yumbo,desconocido
15,"Belaterra Praia, Apartamento en Venta en Valle del Lili, Cali",https://www.fincaraiz.com.co/proyectos-vivienda/belaterra-praia-apartamentos-en-venta-en-valle-del-lili-cali/15017153,195000000,2,2,56.19,cali,Amazonía
16,"SANTA ELENA LUXURY HOMES, Casa en Venta en La pizarra, Circasia",https://www.fincaraiz.com.co/proyectos-vivienda/santa-elena-luxury-homes-casas-en-venta-en-armenia/15016781,360000000,3,3,84.54,circasia,desconocido
17,"MIRADOR DEL EDÉN, Apartamento en Venta en Zona centro, Calarcá",https://www.fincaraiz.com.co/proyectos-vivienda/mirador-del-eden-apartamentos-en-venta-en-calarca/10420915,596598153,3,3,118.67,calarcá,desconocido
18,"SOUL, Apartamento en Venta en La inmaculada, Envigado",https://www.fincaraiz.com.co/proyectos-vivienda/soul-apartamentos-en-venta-en-envigado/7923280,700626600,2,2,75.58,envigado,desconocido
19,"MOKARA, Apartamento en Venta en El carmelo, Sabaneta",https://www.fincaraiz.com.co/proyectos-vivienda/mokara-apartamentos-en-venta-en-el-carmelo-sabaneta/7160378,630100000,3,3,85.86,sabaneta,desconocido
20,"LOCALES COMERCIALES CONSTRUCTORA MELENDEZ, Local en Venta en Cali",https://www.fincaraiz.com.co/proyectos-vivienda/locales-comerciales-constructora-melendez-locales-en-venta-en-cali/15016858,323035000,0,0,28.09,cali,Amazonía
21,"SAMANES APARTAMENTOS, Apartamento en Venta en Prados del Este, Cúcuta",https://www.fincaraiz.com.co/proyectos-vivienda/samanes-apartamentos-apartamentos-en-venta-en-prados-del-este-cucuta/7055853,272000000,2,2,48.58,cúcuta,Andina
22,"ROBLE ALTO PILARICA, Apartamento en Venta en La pilarica, Medellín",https://www.fincaraiz.com.co/proyectos-vivienda/roble-alto-pilarica-apartamentos-en-venta-en-la-pilarica-medellin/6932681,431000000,2,2,68.42,medellín,Andina
23,"LOS ALMENDROS, Apartamento en Venta en La felicidad, Bogotá",https://www.fincaraiz.com.co/proyectos-vivienda/los-almendros-apartamentos-en-venta-en-la-felicidad-bogota/15017290,549579600,2,2,59.92,bogotá,Orinoquía
24,"RIVERA DE LOS GUADUALES, Casa en Venta en Zona Norte, Jamundí",https://www.fincaraiz.com.co/proyectos-vivienda/rivera-de-los-guaduales-casas-en-venta-en-zona-norte-jamundi/10711474,343968901,3,2,72.61,jamundí,desconocido
25,"EL GUAYACAN, Apartamento en Venta en Bochalema, Cali",https://www.fincaraiz.com.co/proyectos-vivienda/el-guayacan-apartamentos-en-venta-en-villa-fatima-cali/5750846,214000000,2,1,59.14,cali,Amazonía
26,"TIERRA DULCE, Apartaestudio en Venta en Caldas",https://www.fincaraiz.com.co/proyectos-vivienda/tierra-dulce-apartaestudios-en-venta-en-caldas/15016931,245000000,2,2,52,caldas,Andina
27,"ZUÁ CORAL – ZUÁ CIUDADELA RESIDENCIAL, Apartamento en Venta en La granja, Zipaquirá",https://www.fincaraiz.com.co/proyectos-vivienda/zua-coral-–-zua-ciudadela-residencial-apartamentos-en-venta-en-san-rafael-zipaquira/10687679,195800000,2,2,49.7,zipaquirá,desconocido
28,"ALTOS DE LA RIVIERA RESERVA CAMPESTRE, Apartamento en Venta en Bajo Ostion, Tubará",https://www.fincaraiz.com.co/proyectos-vivienda/altos-de-la-riviera-reserva-campestre-apartamentos-en-venta-en-bajo-ostion-tubara/5512410,130000000,0,0,300,tubará,desconocido
29,"VITA, Apartamento en Venta en Ibagué",https://www.fincaraiz.com.co/proyectos-vivienda/vita-apartamentos-en-venta-en-ibague/15017084,138364200,2,1,43.1,ibagué,Andina
30,"NUVA PARK, Apartamento en Venta en Nueva colina, Bogotá",https://www.fincaraiz.com.co/proyectos-vivienda/nuva-park-apartamentos-en-venta-en-nueva-colina-bogota/15017470,320000000,1,1,36.7,bogotá,Orinoquía
31,"PORTOROSSO APARTAMENTOS, Apartamento en Venta en Ciudad Mallorquín, Barranquilla",https://www.fincaraiz.com.co/proyectos-vivienda/portorosso-apartamentos-apartamentos-en-venta-en-villa-campestre-barranquilla/5177821,531000000,3,3,91.42,barranquilla,Caribe
32,"MORETTI, Apartamento en Venta en Riomar, Barranquilla",https://www.fincaraiz.com.co/proyectos-vivienda/moretti-apartamentos-en-venta-en-riomar-barranquilla/15017064,412736800,2,2,64.99,barranquilla,Caribe
33,"SIERRA VERDE, Apartamento en Venta en Avenida Centenario, Armenia",https://www.fincaraiz.com.co/proyectos-vivienda/sierra-verde-apartamentos-en-venta-en-avenida-centenario-armenia/15017320,476000000,1,2,60.56,armenia,Andina
34,"ELEMENTAL, Apartamento en Venta en Engativá, Bogotá",https://www.fincaraiz.com.co/proyectos-vivienda/elemental-apartamentos-en-venta-en-engativa-bogota/15017445,330000000,1,1,22,bogotá,Orinoquía
35,"VIOLETAS DEL CASTILLO, Casa en Venta en El Castillo, Cali",https://www.fincaraiz.com.co/proyectos-vivienda/violetas-del-castillo-casas-en-venta-en-el-castillo-cali/6724706,460388054,3,2,108.24,cali,Amazonía
36,"VALLE ALTO DE LA PRADERA, Lote en Venta en La calera",https://www.fincaraiz.com.co/proyectos-vivienda/valle-alto-de-la-pradera-lotes-en-venta-en-la-calera/15017468,621600000,0,0,1960,la calera,desconocido
37,"SENDEROS DE LA MORADA II VILAS CLUB / VILAS CLUB, Apartamento en Venta en La Morada, Jamundí",https://www.fincaraiz.com.co/proyectos-vivienda/senderos-de-la-morada-ii-vilas-club-vilas-club-apartamentos-en-venta-en-la-morada-jamundi/3647470,626500000,3,4,136.75,jamundí,desconocido
38,"LIBBE 126, Apartamento en Venta en Usaquen, Bogotá",https://www.fincaraiz.com.co/proyectos-vivienda/libbe-126-apartamentos-en-venta-en-usaquen-bogota/15017148,672997565,1,2,63.39,bogotá,Orinoquía
39,"CITIZEN, Apartamento en Venta en Interindustrial, Bogotá",https://www.fincaraiz.com.co/proyectos-vivienda/citizen-apartamentos-en-venta-en-interindustrial-bogota/15016898,538139000,2,2,58.39,bogotá,Orinoquía
40,"BUONAVISTA APARTAMENTOS, Apartamento en Venta en Prados del norte, Cúcuta",https://www.fincaraiz.com.co/proyectos-vivienda/buonavista-apartamentos-apartamentos-en-venta-en-prados-del-norte-cucuta/7814952,155161500,2,1,37,cúcuta,Andina
41,"GUAYACANES DE SAN DIEGO, Apartamento en Venta en Loma del Indio, Medellín",https://www.fincaraiz.com.co/proyectos-vivienda/guayacanes-de-san-diego-apartamentos-en-venta-en-loma-del-indio-medellin/15017516,463600000,2,2,57.93,medellín,Andina
42,"SERENITY HOMES, Casa en Venta en El Caimo, Armenia",https://www.fincaraiz.com.co/proyectos-vivienda/serenity-homes-casas-en-venta-en-el-caimo-armenia/15017133,621464913,3,3,116.4,armenia,Andina
43,"TIERRALINDA DEL PARQUE, Apartamento en Venta en Bochalema, Cali",https://www.fincaraiz.com.co/proyectos-vivienda/tierralinda-del-parque-apartamentos-en-venta-en-tierralinda-cali/6728039,202690570,2,2,58.35,cali,Amazonía
44,"VALLE DEL NORTE, Apartamento en Venta en Bello",https://www.fincaraiz.com.co/proyectos-vivienda/valle-del-norte-apartamentos-en-venta-en-bello/15017255,414515000,2,2,60.22,bello,desconocido
45,"L UNIQUE APARTAMENTOS, Apartamento en Venta en Riomar, Barranquilla",https://www.fincaraiz.com.co/proyectos-vivienda/l-unique-apartamentos-apartamentos-en-venta-en-riomar-barranquilla/10054988,2932849000,3,4,270,barranquilla,Caribe
46,"AZAHAR  HOME SUITES, Apartamento en Venta en Via El Eden, Armenia",https://www.fincaraiz.com.co/proyectos-vivienda/azahar-home-suites-apartamentos-en-venta-en-via-la-tebaida-armenia/10651989,612000000,2,2,76.08,armenia,Andina
47,"LEVEN, Apartamento en Venta en El Poblado, Medellín",https://www.fincaraiz.com.co/proyectos-vivienda/leven-apartamentos-en-venta-en-via-las-palmas-medellin/7220411,726900000,1,2,57.82,medellín,Andina
48,"SIENA, Apartamento en Venta en Miramar, Barranquilla",https://www.fincaraiz.com.co/proyectos-vivienda/siena-apartamentos-en-venta-en-miramar-barranquilla/10388514,434778000,3,2,72.23,barranquilla,Caribe
49,"COLINA LIVING, Apartamento en Venta en Colina Campestre, Bogotá",https://www.fincaraiz.com.co/proyectos-vivienda/colina-living-apartamentos-en-venta-en-colina-campestre-bogota/15017472,570775433,1,2,46.13,bogotá,Orinoquía
50,"HACIENDA  LA HERRADURA, Casa en Venta en Fagua, Chía",https://www.fincaraiz.com.co/proyectos-vivienda/hacienda-la-herradura-casas-en-venta-en-fagua-chia/15017481,598203840,0,0,507,chía,desconocido
51,"LA VIDA ES BELLA 1, Apartamento en Venta en Asentamiento la orquidea, Bello",https://www.fincaraiz.com.co/proyectos-vivienda/la-vida-es-bella-1-apartamentos-en-venta-en-bello/10380755,239550000,3,2,63.9,bello,desconocido
52,"826 BOREAL, Apartamento en Venta en Industrial, Cali",https://www.fincaraiz.com.co/proyectos-vivienda/826-boreal-apartamentos-en-venta-en-industrial-cali/15016957,253306000,1,1,50,cali,Amazonía
53,"CLARO ALTO, Casa en Venta en Jamundí",https://www.fincaraiz.com.co/proyectos-vivienda/claro-alto-casas-en-venta-en-jamundi/15017327,214602933,2,1,63.33,jamundí,desconocido
54,"LA VIDA ES BELLA GRATITUD, Apartamento en Venta en Comuna 10, Bello",https://www.fincaraiz.com.co/proyectos-vivienda/la-vida-es-bella-gratitud-apartamentos-en-venta-en-machado-bello/7428695,342086560,3,2,72.18,bello,desconocido
55,"SENZA APARTAMENTOS, Apartamento en Venta en Santa maria, Barranquilla",https://www.fincaraiz.com.co/proyectos-vivienda/senza-apartamentos-apartamentos-en-venta-en-santa-maria-barranquilla/15017357,176836600,2,2,50.5,barranquilla,Caribe
56,"CENTURY SUITES, Apartamento en Venta en La pradera, Dosquebradas",https://www.fincaraiz.com.co/proyectos-vivienda/century-suites-apartamentos-en-venta-en-la-pradera-dosquebradas/15017135,265803259,3,2,47.63,dosquebradas,desconocido
57,"ENTREVILLAS, Apartamento en Venta en Viviendas del Sur, Itaguí",https://www.fincaraiz.com.co/proyectos-vivienda/entrevillas-apartamentos-en-venta-en-viviendas-del-sur-itagui/15016969,459900000,2,2,61,itaguí,desconocido
58,"RIO, Apartamento en Venta en Camino Verde, Envigado",https://www.fincaraiz.com.co/proyectos-vivienda/rio-apartamentos-en-venta-en-camino-verde-envigado/7040364,653443000,3,2,87.91,envigado,desconocido
59,"SOLE, Apartamento en Venta en Bogotá",https://www.fincaraiz.com.co/proyectos-vivienda/sole-apartamentos-en-venta-en-lagos-de-torca-bogota/15017297,680597400,3,2,86.59,bogotá,Orinoquía
60,"CASTELÓ, Apartamento en Venta en Nueva Castilla, Bogotá",https://www.fincaraiz.com.co/proyectos-vivienda/castelo-apartamentos-en-venta-en-nueva-castilla-bogota/15017471,391400173,3,2,59,bogotá,Orinoquía
61,"DUVENTTO, Apartamento en Venta en Riomar, Barranquilla",https://www.fincaraiz.com.co/proyectos-vivienda/duventto-apartamentos-en-venta-en-riomar-barranquilla/15017218,744846000,2,3,75.34,barranquilla,Caribe
62,"RIVIERA VERDE ETAPA 2, Casa en Venta en Cerritos, Pereira",https://www.fincaraiz.com.co/proyectos-vivienda/riviera-verde-etapa-2-casas-en-venta-en-galicia-pereira/10122326,600400000,3,3,83.81,pereira,Andina
63,"CÚSPIDE APARTAMENTOS, Apartamento en Venta en Molinos ii sector, Bogotá",https://www.fincaraiz.com.co/proyectos-vivienda/cuspide-apartamentos-apartamentos-en-venta-en-molinos-ii-sector-bogota/15017354,207830000,2,2,47.28,bogotá,Orinoquía
64,"CENTURY MALL, Local en Venta en Frailes, Dosquebradas",https://www.fincaraiz.com.co/proyectos-vivienda/century-mall-locales-en-venta-en-frailes-dosquebradas/15017136,174352500,0,0,21.7,dosquebradas,desconocido
65,"MISSONI, Apartamento en Venta en Riomar, Barranquilla",https://www.fincaraiz.com.co/proyectos-vivienda/missoni-apartamentos-en-venta-en-riomar-barranquilla/15017054,372998415,1,1,57.52,barranquilla,Caribe
66,"RIVERBAY, Apartamento en Venta en Miramar, Barranquilla",https://www.fincaraiz.com.co/proyectos-vivienda/riverbay-apartamentos-en-venta-en-lago-alto-barranquilla/10183466,397774000,2,2,56.79,barranquilla,Caribe
67,"LAGO FORET, Apartamento en Venta en Buenavista, Barranquilla",https://www.fincaraiz.com.co/proyectos-vivienda/lago-foret-apartamentos-en-venta-en-buenavista-barranquilla/10067978,844272000,2,3,83,barranquilla,Caribe
68,"TORRES DE PANORAMA, Apartamento en Venta en Villa panorama, Paipa",https://www.fincaraiz.com.co/proyectos-vivienda/torres-de-panorama-apartamentos-en-venta-en-paipa/5953965,192172500,3,2,62,paipa,desconocido
69,"PARQUES DE SURAMERICA, Apartamento en Venta en Itaguí, La estrella",https://www.fincaraiz.com.co/proyectos-vivienda/parques-de-suramerica-apartamentos-en-venta-en-suramerica-la-estrella/15017256,550553000,2,2,63.22,la estrella,desconocido
70,"DISTRITO VERA, Apartamento en Venta en Ciudad del Río, Medellín",https://www.fincaraiz.com.co/proyectos-vivienda/distrito-vera-apartamentos-en-venta-en-ciudad-del-rio-medellin/15017050,546605560,1,1,49.48,medellín,Andina
71,"KOBE 50, Apartamento en Venta en Palermo, Bogotá",https://www.fincaraiz.com.co/proyectos-vivienda/kobe-50-apartamentos-en-venta-en-teusaquillo-bogota/15017423,203994450,1,1,20.61,bogotá,Orinoquía
72,"GIRASOLES DEL CASTILLO, Casa en Venta en Ciudad Campestre, Cali",https://www.fincaraiz.com.co/proyectos-vivienda/girasoles-del-castillo-casas-en-venta-en-el-castillo-cali/5814689,402800000,2,2,84.62,cali,Amazonía
73,"AMBARÍ, Apartamento en Venta en La castellana, Montería",https://www.fincaraiz.com.co/proyectos-vivienda/ambari-apartamentos-en-venta-en-la-castellana-monteria/15017058,207546300,2,2,51.06,montería,Caribe
74,"ZENTO 75 LOFT, Apartamento en Venta en Pance, Cali",https://www.fincaraiz.com.co/proyectos-vivienda/zento-75-loft-apartamentos-en-venta-en-pance-cali/5790637,611100000,1,2,65,cali,Amazonía
75,"BOSSCATTA 147 APARTMENTOS, Apartamento en Venta en Bogotá",https://www.fincaraiz.com.co/proyectos-vivienda/bosscatta-147-apartmentos-apartamentos-en-venta-en-bogota/10728765,331568000,1,1,36,bogotá,Orinoquía
76,"EDEN DEL PARQUE, Apartamento en Venta en Paso de la bolsa, Jamundí",https://www.fincaraiz.com.co/proyectos-vivienda/eden-del-parque-apartamentos-en-venta-en-paso-de-la-bolsa-jamundi/4945541,134500000,2,1,47.02,jamundí,desconocido
77,"QANVAS, Apartamento en Venta en Las villas, Zipaquirá",https://www.fincaraiz.com.co/proyectos-vivienda/qanvas-apartamentos-en-venta-en-las-villas-zipaquira/10092791,313329000,3,2,72.89,zipaquirá,desconocido
78,"PARQUES DE MONTANA, Casa en Venta en La Morada, Jamundí",https://www.fincaraiz.com.co/proyectos-vivienda/parques-de-montana-casas-en-venta-en-la-morada-jamundi/15016964,165000000,0,0,150,jamundí,desconocido
79,"PRADERA HACIENDA CAMPESTRE, Apartamento en Venta en La pradera, Dosquebradas",https://www.fincaraiz.com.co/proyectos-vivienda/pradera-hacienda-campestre-apartamentos-en-venta-en-la-pradera-dosquebradas/2728601,949900000,2,3,140,dosquebradas,desconocido
80,"CRISTALES WEST ETAPA 2, Apartamento en Venta en Bellavista, Cali",https://www.fincaraiz.com.co/proyectos-vivienda/cristales-west-etapa-2-apartamentos-en-venta-en-altos-de-santa-isabel-cali/3242869,643749509,2,2,72.25,cali,Amazonía
81,"TIERRALINDA DE LOS FARALLONES, Apartamento en Venta en Bochalema, Cali",https://www.fincaraiz.com.co/proyectos-vivienda/tierralinda-de-los-farallones-apartamentos-en-venta-en-tierralinda-cali/10051563,215900000,2,2,55,cali,Amazonía
82,"RESERVA DE LA 26, Apartamento en Venta en Las americas, Bogotá",https://www.fincaraiz.com.co/proyectos-vivienda/reserva-de-la-26-apartamentos-en-venta-en-las-americas-bogota/10097276,291999000,1,1,27,bogotá,Orinoquía
83,"Solé, Apartamento en Venta en Parque Natura, Jamundí",https://www.fincaraiz.com.co/proyectos-vivienda/sole-apartamentos-en-venta-en-parque-natura-jamundi/15017465,396790000,3,2,90.73,jamundí,desconocido
84,"MAKARÍ CAMPESTRE, Lote en Venta en El estanquillo bajo, Dosquebradas",https://www.fincaraiz.com.co/proyectos-vivienda/makari-campestre-lotes-en-venta-en-dosquebradas/7435635,269364831,0,0,198.08,dosquebradas,desconocido
85,"NATIVA - PARQUE DE LAS AMERICAS, Apartamento en Venta en Centro narino, Bogotá",https://www.fincaraiz.com.co/proyectos-vivienda/nativa-parque-de-las-americas-apartamentos-en-venta-en-la-florida-occidental-bogota/10338805,287608000,1,1,38.81,bogotá,Orinoquía
86,"CENTRIKO CONJUNTO RESIDENCIAL, Apartamento en Venta en Fundadores, Armenia",https://www.fincaraiz.com.co/proyectos-vivienda/centriko-conjunto-residencial-apartamentos-en-venta-en-fundadores-armenia/15017538,438646535,2,2,63.11,armenia,Andina
87,"TORRES DEL PARQUE, Apartamento en Venta en URBANIZACION CANARIAS, Santa marta",https://www.fincaraiz.com.co/proyectos-vivienda/torres-del-parque-apartamentos-en-venta-en-ub-sierra-adentro-santa-marta/5133825,273000000,3,2,67.69,santa marta,Caribe
88,"LANAI, Apartamento en Venta en Ciudad Mallorquín, Barranquilla",https://www.fincaraiz.com.co/proyectos-vivienda/lanai-apartamentos-en-venta-en-puerto-colombia/15017062,192172500,2,2,57.59,barranquilla,Caribe
89,"Reserva del Bosque, Apartamento en Venta en Macarena los alpes, Bogotá",https://www.fincaraiz.com.co/proyectos-vivienda/reserva-del-bosque-apartamentos-en-venta-en-macarena-los-alpes-bogota/10375502,163607503,2,1,37,bogotá,Orinoquía
90,"PLATINUM ZAKURA RESERVA CAMPESTRE, Lote en Venta en La loma, Villa del rosario",https://www.fincaraiz.com.co/proyectos-vivienda/platinum-zakura-reserva-campestre-lotes-en-venta-en-la-loma-villa-del-rosario/7060880,225000000,0,0,300,no especifica,desconocido
91,"Teca, Casa en Venta en Valle del Lili, Cali",https://www.fincaraiz.com.co/proyectos-vivienda/teca-casas-en-venta-en-valle-del-lili-cali/15017389,828475389,3,4,120.94,cali,Amazonía
92,"MILAN, Apartamento en Venta en Providencia, Cartagena",https://www.fincaraiz.com.co/proyectos-vivienda/milan-apartamentos-en-venta-en-providencia-cartagena/7941768,336106000,2,2,65.53,cartagena,Caribe
93,"CONJUNTO CERRADO LLANO LINDO, Apartamento en Venta en Puerto López",https://www.fincaraiz.com.co/proyectos-vivienda/conjunto-cerrado-llano-lindo-apartamentos-en-venta-en-puerto-lopez/15017485,123894770,2,2,58.06,puerto lópez,desconocido
94,"TERRABONGA 2, Apartamento en Venta en Vista hermosa, Santa marta",https://www.fincaraiz.com.co/proyectos-vivienda/terrabonga-2-apartamentos-en-venta-en-pozos-colorados-santa-marta/10331671,350700000,1,1,50.1,santa marta,Caribe
95,"BIO HACIENDA SANTA CRUZ, Apartamento en Venta en Ibagué",https://www.fincaraiz.com.co/proyectos-vivienda/bio-hacienda-santa-cruz-apartamentos-en-venta-en-ibague/15017298,192172500,2,2,56.67,ibagué,Andina
96,"VIENA, Apartamento en Venta en Marsella, Bogotá",https://www.fincaraiz.com.co/proyectos-vivienda/viena-apartamentos-en-venta-en-marsella-bogota/15017469,447152534,2,2,59,bogotá,Orinoquía
97,"CORALIA, Apartamento en Venta en Serena del Mar, Cartagena",https://www.fincaraiz.com.co/proyectos-vivienda/coralia-apartamentos-en-venta-en-serena-del-mar-cartagena/15017359,525700000,2,3,73.31,cartagena,Caribe
98,"SOLTERRA, Apartamento en Venta en Sector centro, Armenia",https://www.fincaraiz.com.co/proyectos-vivienda/solterra-apartamentos-en-venta-en-armenia/7430082,224582392,1,1,48.09,armenia,Andina
99,"INAWA, Apartamento en Venta en Serena del Mar, Cartagena",https://www.fincaraiz.com.co/proyectos-vivienda/inawa-apartamentos-en-venta-en-serena-del-mar-cartagena/15017061,547312000,2,2,73.17,cartagena,Caribe
100,"FLORES T16, Apartamento en Venta en El sembrador, Palmira",https://www.fincaraiz.com.co/proyectos-vivienda/flores-t16-apartamentos-en-venta-en-el-sembrador-palmira/10950383,297600000,2,2,84.48,palmira,desconocido
101,"PRISMA, Apartamento en Venta en Restrepo, Bogotá",https://www.fincaraiz.com.co/proyectos-vivienda/prisma-apartamentos-en-venta-en-restrepo-bogota/15017294,213525000,2,1,33.92,bogotá,Orinoquía
102,"LOS SAUCES, Apartamento en Venta en La felicidad, Bogotá",https://www.fincaraiz.com.co/proyectos-vivienda/los-sauces-apartamentos-en-venta-en-la-felicidad-bogota/15017292,736096690,3,2,80.72,bogotá,Orinoquía
103,"SALINAS DEL MAR, Apartamento en Venta en Pozos Colorados, Santa marta",https://www.fincaraiz.com.co/proyectos-vivienda/salinas-del-mar-apartamentos-en-venta-en-pozos-colorados-santa-marta/4961044,399000000,1,1,38,santa marta,Caribe
104,"COLINAS DE SAN JUAN, Apartamento en Venta en Sagrado corazon, Girón",https://www.fincaraiz.com.co/proyectos-vivienda/colinas-de-san-juan-apartamentos-en-venta-en-sagrado-corazon-giron/15017333,218000000,2,1,48.37,girón,desconocido
105,"TIERRALINDA DEL BOSQUE, Apartamento en Venta en Villa Fatima, Cali",https://www.fincaraiz.com.co/proyectos-vivienda/tierralinda-del-bosque-apartamentos-en-venta-en-villa-fatima-cali/15017069,235595700,2,1,55.44,cali,Amazonía
106,"VERONA  CONDOMINIO, Apartamento en Venta en Rincon de las garzas, Jamundí",https://www.fincaraiz.com.co/proyectos-vivienda/verona-condominio-apartamentos-en-venta-en-alfaguara-jamundi/4462929,334200000,3,2,80.47,jamundí,desconocido
107,"ZUE TURQUESA, Apartamento en Venta en Soacha",https://www.fincaraiz.com.co/proyectos-vivienda/zue-turquesa-apartamentos-en-venta-en-soacha/15017448,200000000,2,2,57,soacha,desconocido
108,TÁNGARA,https://www.fincaraiz.com.co/proyectos-vivienda/tangara-casas-en-venta-en-ciudad-country-jamundi/6815616,446057504,2,2,101.46,tángara,desconocido
109,"LA ALMERIA ALSACIA RESERVADO, Apartamento en Venta en Ciudad alsacia, Bogotá",https://www.fincaraiz.com.co/proyectos-vivienda/la-almeria-alsacia-reservado-apartamentos-en-venta-en-ciudad-alsacia-bogota/7872475,568622000,3,2,64.43,bogotá,Orinoquía
110,"PUERTA DORADA LA BAHIA, Apartamento en Venta en Veinte de julio, Barranquilla",https://www.fincaraiz.com.co/proyectos-vivienda/puerta-dorada-la-bahia-apartamentos-en-venta-en-veinte-de-julio-barranquilla/15017214,227767000,2,2,72.94,barranquilla,Caribe
111,"SALINAS DEL SOL, Apartamento en Venta en Pozos Colorados, Santa marta",https://www.fincaraiz.com.co/proyectos-vivienda/salinas-del-sol-apartamentos-en-venta-en-pozos-colorados-santa-marta/10558889,496750000,1,1,37.74,santa marta,Caribe
112,"ALTOS DE LA ESPERANZA, Apartamento en Venta en Siete trojes, Funza",https://www.fincaraiz.com.co/proyectos-vivienda/altos-de-la-esperanza-apartamentos-en-venta-en-siete-trojes-funza/7149052,213525000,3,2,60,funza,desconocido
113,"Izola Zentral, Apartamento en Venta en Fontibon, Bogotá",https://www.fincaraiz.com.co/proyectos-vivienda/izola-zentral-apartamentos-en-venta-en-hayuelos-bogota/5310953,499591000,3,2,62.75,bogotá,Orinoquía
114,"COUNTRY PARK, Apartamento en Venta en Cañaveral, Floridablanca",https://www.fincaraiz.com.co/proyectos-vivienda/country-park-apartamentos-en-venta-en-floridablanca/7347973,590443000,3,2,89.24,floridablanca,desconocido
115,"LOS LAGOS, Apartamento en Venta en Cascajal, Cali",https://www.fincaraiz.com.co/proyectos-vivienda/los-lagos-apartamentos-en-venta-en-cascajal-cali/15017395,249538000,2,1,65.23,cali,Amazonía
116,"TORRES DE SOHÁ, Apartamento en Venta en Zona industrial santa ana, Soacha",https://www.fincaraiz.com.co/proyectos-vivienda/torres-de-soha-apartamentos-en-venta-en-zona-industrial-santa-ana-soacha/10093200,170820000,2,2,48.07,soacha,desconocido
117,"MAJAGUA UNIDAD RESIDENCIAL, Apartamento en Venta en El trapiche, Bello",https://www.fincaraiz.com.co/proyectos-vivienda/majagua-unidad-residencial-apartamentos-en-venta-en-el-trapiche-bello/7565354,164700000,1,1,41.49,bello,desconocido
118,"AMARA, Apartamento en Venta en San pascual, Cali",https://www.fincaraiz.com.co/proyectos-vivienda/amara-apartamentos-en-venta-en-san-pascual-cali/15016939,236900000,2,2,55.34,cali,Amazonía
119,"CONJUNTO RESIDENCIAL SAN LORENZO, Apartamento en Venta en El poblado i, Cali",https://www.fincaraiz.com.co/proyectos-vivienda/conjunto-residencial-san-lorenzo-apartamentos-en-venta-en-el-poblado-i-cali/10049424,185797300,3,1,44.62,cali,Amazonía
120,"TIERRALINDA DEL VALLE, Apartamento en Venta en Villa Fatima, Cali",https://www.fincaraiz.com.co/proyectos-vivienda/tierralinda-del-valle-apartamentos-en-venta-en-villa-fatima-cali/15017067,360548000,2,2,73.27,cali,Amazonía
121,"RETIRO DEL VIENTO, Casa en Venta en El Retiro",https://www.fincaraiz.com.co/proyectos-vivienda/retiro-del-viento-casas-en-venta-en-el-retiro/15016676,682000000,3,4,127,el retiro,desconocido
122,"MONTEBONITO APARTAMENTOS, Apartamento en Venta en Frailes, Dosquebradas",https://www.fincaraiz.com.co/proyectos-vivienda/montebonito-apartamentos-apartamentos-en-venta-en-frailes-dosquebradas/7962213,206772500,3,2,51.26,dosquebradas,desconocido
123,"GREGAL, Apartamento en Venta en Montevideo, Bogotá",https://www.fincaraiz.com.co/proyectos-vivienda/gregal-apartamentos-en-venta-en-montevideo-bogota/5652353,599000000,2,2,64.5,bogotá,Orinoquía
124,"San Mateo La Quinta, Apartamento en Venta en Zipaquirá",https://www.fincaraiz.com.co/proyectos-vivienda/san-mateo-la-quinta-apartamentos-en-venta-en-zipaquira/7766239,309150000,3,2,58.51,zipaquirá,desconocido
125,"BAUME, Casa en Venta en La Morada, Jamundí",https://www.fincaraiz.com.co/proyectos-vivienda/baume-casas-en-venta-en-la-morada-jamundi/15016863,416000000,3,2,92.66,jamundí,desconocido
126,"Ciudad La Salle Burdeos, Apartamento en Venta en Alameda, Bogotá",https://www.fincaraiz.com.co/proyectos-vivienda/ciudad-la-salle-burdeos-apartamentos-en-venta-en-alameda-bogota/7203484,618365000,2,2,60.02,bogotá,Orinoquía
127,"BAVARO, Apartamento en Venta en Suroccidente, Barranquilla",https://www.fincaraiz.com.co/proyectos-vivienda/bavaro-apartamentos-en-venta-en-suroccidente-barranquilla/15017358,135801900,2,1,45.6,barranquilla,Caribe
128,"Génova, Apartamento en Venta en Realengo, Barranquilla",https://www.fincaraiz.com.co/proyectos-vivienda/genova-apartamentos-en-venta-en-metropolitana-barranquilla/7883934,278837000,1,2,40.4,barranquilla,Caribe
129,"ALMENDRO APARTAMENTOS, Apartamento en Venta en El Recodo, Bogotá",https://www.fincaraiz.com.co/proyectos-vivienda/almendro-apartamentos-apartamentos-en-venta-en-el-recodo-bogota/15017355,203243000,2,2,44.2,bogotá,Orinoquía
130,"Nativo Terra, Casa en Venta en Arenal, Candelaria",https://www.fincaraiz.com.co/proyectos-vivienda/nativo-terra-casas-en-venta-en-arenal-candelaria/15017489,220225415,3,2,49.68,candelaria,desconocido
131,"FLOR APARTAMENTOS, Apartamento en Venta en Bello",https://www.fincaraiz.com.co/proyectos-vivienda/flor-apartamentos-apartamentos-en-venta-en-bello/15017254,348150000,2,2,62,bello,desconocido
132,"LOS CÁMBULOS, Apartamento en Venta en Calasanz parte alta, Medellín",https://www.fincaraiz.com.co/proyectos-vivienda/los-cambulos-apartamentos-en-venta-en-calasanz-parte-alta-medellin/15017517,295600000,1,1,36.8,medellín,Andina
133,"ESMERALDA, Apartamento en Venta en Alameda del Rio, Barranquilla",https://www.fincaraiz.com.co/proyectos-vivienda/esmeralda-apartamentos-en-venta-en-alameda-del-rio-barranquilla/15017060,380440000,3,2,76.5,barranquilla,Caribe
134,"BOSQUE RESERVADO, Apartamento en Venta en Ibagué",https://www.fincaraiz.com.co/proyectos-vivienda/bosque-reservado-apartamentos-en-venta-en-ibague/15017049,370155000,3,2,71.96,ibagué,Andina
135,"MONTEREAL, Apartamento en Venta en Niquia, Bello",https://www.fincaraiz.com.co/proyectos-vivienda/montereal-apartamentos-en-venta-en-niquia-bello/15017055,283855000,1,2,47.54,bello,desconocido
136,"FLORA CLUB HOUSE, Apartamento en Venta en Antiguo Campestre, Bucaramanga",https://www.fincaraiz.com.co/proyectos-vivienda/flora-club-house-apartamentos-en-venta-en-conucos-bucaramanga/5568081,373000000,1,2,60,bucaramanga,Andina
137,"Puerta Dorada El Lago, Apartamento en Venta en Veinte de julio, Barranquilla",https://www.fincaraiz.com.co/proyectos-vivienda/puerta-dorada-el-lago-apartamentos-en-venta-en-veinte-de-julio-barranquilla/15017210,204631000,2,2,56.48,barranquilla,Caribe
138,"RESERVA LOS ROBLES, Casa en Venta en Chuntame, Cajicá",https://www.fincaraiz.com.co/proyectos-vivienda/reserva-los-robles-casas-en-venta-en-cajica/15017466,500000000,0,0,306,cajicá,desconocido
139,"ZUE GRANATE, Apartamento en Venta en Soacha",https://www.fincaraiz.com.co/proyectos-vivienda/zue-granate-apartamentos-en-venta-en-soacha/15017447,172853050,2,2,47,soacha,desconocido
140,"ALTOS DE DIAMANTE, Apartamento en Venta en Diamante 2, Bucaramanga",https://www.fincaraiz.com.co/proyectos-vivienda/altos-de-diamante-apartamentos-en-venta-en-diamante-2-bucaramanga/10320727,393000000,2,2,70.28,bucaramanga,Andina
141,"VIGO, Apartamento en Venta en Laureles, Medellín",https://www.fincaraiz.com.co/proyectos-vivienda/vigo-apartamentos-en-venta-en-laureles-medellin/15017490,353927000,1,1,30.62,medellín,Andina
142,"SERENITY APARTMENTS, Apartamento en Venta en El Caimo, Armenia",https://www.fincaraiz.com.co/proyectos-vivienda/serenity-apartments-apartamentos-en-venta-en-el-caimo-armenia/15017132,265096000,1,1,37,armenia,Andina
143,"BALUARTE DEL PUERTO, Apartamento en Venta en Bellavista, Cartagena",https://www.fincaraiz.com.co/proyectos-vivienda/baluarte-del-puerto-apartamentos-en-venta-en-bellavista-cartagena/15016817,228871503,2,2,52.69,cartagena,Caribe
144,"SABANA DEL OCCIDENTE, Apartamento en Venta en Siete trojes, Funza",https://www.fincaraiz.com.co/proyectos-vivienda/sabana-del-occidente-apartamentos-en-venta-en-siete-trojes-funza/10126290,232000000,3,2,65,funza,desconocido
145,"VÉRTICE, Apartamento en Venta en Restrepo, Bogotá",https://www.fincaraiz.com.co/proyectos-vivienda/vertice-apartamentos-en-venta-en-restrepo-bogota/15017056,213525000,2,1,35.19,bogotá,Orinoquía
146,"CANARIOS DEL CASTILLO D, Casa en Venta en El Castillo, Cali",https://www.fincaraiz.com.co/proyectos-vivienda/canarios-del-castillo-d-casas-en-venta-en-el-castillo-cali/15017202,482000000,3,3,106.47,cali,Amazonía
147,"TIERRALINDA DEL VIENTO, Apartamento en Venta en Villa Fatima, Cali",https://www.fincaraiz.com.co/proyectos-vivienda/tierralinda-del-viento-apartamentos-en-venta-en-villa-fatima-cali/15017068,535000000,2,1,92.26,cali,Amazonía
148,"OTOBO CLUB RESIDENCIAL, Apartamento en Venta en Palmaseca, Palmira",https://www.fincaraiz.com.co/proyectos-vivienda/otobo-club-residencial-apartamentos-en-venta-en-palmaseca-palmira/5648090,495650000,2,2,74.2,palmira,desconocido
149,"EL BOSQUE UNIDAD RESIDENCIAL, Apartamento en Venta en Hato viejo, Bello",https://www.fincaraiz.com.co/proyectos-vivienda/el-bosque-unidad-residencial-apartamentos-en-venta-en-bello/10288991,191000000,2,1,55.16,bello,desconocido
150,"SANTA CLARA, Apartamento en Venta en Valle del Lili, Cali",https://www.fincaraiz.com.co/proyectos-vivienda/santa-clara-apartamentos-en-venta-en-valle-del-lili-cali/10856493,415449000,2,2,70.83,cali,Amazonía
151,"TIERRALINDA DEL RÍO, Apartamento en Venta en Villa Fatima, Cali",https://www.fincaraiz.com.co/proyectos-vivienda/tierralinda-del-rio-apartamentos-en-venta-en-villa-fatima-cali/15017066,221169000,2,1,62.36,cali,Amazonía
152,"Metrópoli 30, Apartamento en Venta en Ricaurte, Bogotá",https://www.fincaraiz.com.co/proyectos-vivienda/metropoli-30-apartamentos-en-venta-en-ricaurte-bogota/10389240,225719000,1,1,26.25,bogotá,Orinoquía
153,"MAKANI, Apartamento en Venta en Ciudad Mallorquín, Barranquilla",https://www.fincaraiz.com.co/proyectos-vivienda/makani-apartamentos-en-venta-en-puerto-colombia/15017063,209004705,2,2,56.06,barranquilla,Caribe
154,"TORRES DEL PARQUE CONJUNTO CERRADO, Apartamento en Venta en Ciudadela del rio, Cali",https://www.fincaraiz.com.co/proyectos-vivienda/torres-del-parque-conjunto-cerrado-apartamentos-en-venta-en-ciudadela-del-rio-cali/7207846,163104500,3,1,44.62,cali,Amazonía
155,"CISNES B, Casa en Venta en El Castillo, Cali",https://www.fincaraiz.com.co/proyectos-vivienda/cisnes-b-casas-en-venta-en-el-castillo-cali/10703643,789100000,3,3,173.55,cali,Amazonía
156,"NÓMADA 117, Apartaestudio en Venta en Pance, Cali",https://www.fincaraiz.com.co/proyectos-vivienda/nomada-117-apartaestudios-en-venta-en-pance-cali/10641440,453733943,1,1,38.84,cali,Amazonía
157,"NAPOLI, Apartamento en Venta en Miramar, Barranquilla",https://www.fincaraiz.com.co/proyectos-vivienda/napoli-apartamentos-en-venta-en-miramar-barranquilla/4377455,320742000,2,2,57.4,barranquilla,Caribe
158,"CIUDADELA MONTEAZUL, Apartamento en Venta en Monteazul, Sabaneta",https://www.fincaraiz.com.co/proyectos-vivienda/ciudadela-monteazul-apartamentos-en-venta-en-sabaneta/1127158,503090000,2,2,69,sabaneta,desconocido
159,"LAKE OCÉANO VERDE, Apartamento en Venta en Porerito, Jamundí",https://www.fincaraiz.com.co/proyectos-vivienda/lake-oceano-verde-apartamentos-en-venta-en-porerito-jamundi/2948865,552650000,2,2,97.25,jamundí,desconocido
160,"CANARIOS DEL CASTILLO E, Casa en Venta en El Castillo, Cali",https://www.fincaraiz.com.co/proyectos-vivienda/canarios-del-castillo-e-casas-en-venta-en-el-castillo-cali/15017246,425600000,3,3,84.9,cali,Amazonía
161,"MARAMA, Apartamento en Venta en Caños negros, Villavicencio",https://www.fincaraiz.com.co/proyectos-vivienda/marama-apartamentos-en-venta-en-caños-negros-villavicencio/15017318,222074595,2,1,58,villavicencio,Orinoquía
162,"CIUDADELA VILLA DEL RIO, Casa en Venta en Jamundí",https://www.fincaraiz.com.co/proyectos-vivienda/ciudadela-villa-del-rio-casas-en-venta-en-jamundi/15017402,213525000,2,2,58,jamundí,desconocido
163,"HACIENDA EL CORTIJO ELITE, Apartamento en Venta en Oro Negro, Armenia",https://www.fincaraiz.com.co/proyectos-vivienda/hacienda-el-cortijo-elite-apartamentos-en-venta-en-norte-de-armenia-armenia/6697787,547973000,3,2,86.63,armenia,Andina
164,"PORTAL DEL ALISO, Apartamento en Venta en Ciudad verde, Soacha",https://www.fincaraiz.com.co/proyectos-vivienda/portal-del-aliso-apartamentos-en-venta-en-ciudad-verde-soacha/15017152,220000000,2,1,62.5,soacha,desconocido
165,"LIFE 72 OFICINAS, Oficina en Venta en Quinta camacho, Bogotá",https://www.fincaraiz.com.co/proyectos-vivienda/life-72-oficinas-oficinas-en-venta-en-quinta-camacho-bogota/15017482,426828000,0,1,48.24,bogotá,Orinoquía
166,"BRASSIA CAMPESTRE, Apartamento en Venta en La tebaida",https://www.fincaraiz.com.co/proyectos-vivienda/brassia-campestre-apartamentos-en-venta-en-el-eden-la-tebaida/10341233,777000000,3,3,190.34,la tebaida,desconocido
167,"LOS BOSQUES, Casa en Venta en Cascajal, Cali",https://www.fincaraiz.com.co/proyectos-vivienda/los-bosques-casas-en-venta-en-cascajal-cali/10385373,337931163,1,1,45.1,cali,Amazonía
168,"DIPORTO, Apartamento en Venta en Serena del Mar, Cartagena",https://www.fincaraiz.com.co/proyectos-vivienda/diporto-apartamentos-en-venta-en-serena-del-mar-cartagena/15017360,652100000,1,2,64.1,cartagena,Caribe
169,"VALDIVIANA, Apartamento en Venta en La Morada, Jamundí",https://www.fincaraiz.com.co/proyectos-vivienda/valdiviana-apartamentos-en-venta-en-la-morada-jamundi/15016907,262041000,2,1,60.65,jamundí,desconocido
170,"IBIS STYLES LAURELES, Apartamento en Venta en Laureles, Medellín",https://www.fincaraiz.com.co/proyectos-vivienda/ibis-styles-laureles-apartamentos-en-venta-en-laureles-medellin/15017305,257433057,1,1,20,medellín,Andina
171,"La Fontana, Apartamento en Venta en Puente aranda, Bogotá",https://www.fincaraiz.com.co/proyectos-vivienda/la-fontana-apartamentos-en-venta-en-puente-aranda-bogota/15017191,234090000,2,1,35.71,bogotá,Orinoquía
172,"PUNTO 14, Local en Venta en Centro, Cali",https://www.fincaraiz.com.co/proyectos-vivienda/punto-14-locales-en-venta-en-centro-cali/15017368,174000000,0,0,7,cali,Amazonía
173,"LUCIÉRNAGAS, Apartamento en Venta en El carmelo, Candelaria",https://www.fincaraiz.com.co/proyectos-vivienda/luciernagas-apartamentos-en-venta-en-el-carmelo-candelaria/10521031,237653325,2,2,45.58,candelaria,desconocido
174,"LORCA, Apartamento en Venta en Nueva Castilla, Bogotá",https://www.fincaraiz.com.co/proyectos-vivienda/lorca-apartamentos-en-venta-en-nueva-castilla-bogota/6639082,350416000,2,2,56.76,bogotá,Orinoquía
175,"Ciudad La Salle Saint Michel, Apartamento en Venta en Toberin, Bogotá",https://www.fincaraiz.com.co/proyectos-vivienda/ciudad-la-salle-saint-michel-apartamentos-en-venta-en-toberin-bogota/15017173,464697000,2,2,53.02,bogotá,Orinoquía
176,"LOS NARANJOS CONJUNTO CAMPESTRE, Apartamento en Venta en Cr. los naranjos, Jamundí",https://www.fincaraiz.com.co/proyectos-vivienda/los-naranjos-conjunto-campestre-apartamentos-en-venta-en-cr-los-naranjos-jamundi/1212247,184900000,2,2,63.08,jamundí,desconocido
177,"MALAGA CASTILLA RESERVADO, Apartamento en Venta en Tintala, Bogotá",https://www.fincaraiz.com.co/proyectos-vivienda/malaga-castilla-reservado-apartamentos-en-venta-en-nueva-castilla-bogota/10080314,456811000,3,2,78.17,bogotá,Orinoquía
178,"LOFT 56, Apartaestudio en Venta en Chapinero, Bogotá",https://www.fincaraiz.com.co/proyectos-vivienda/loft-56-apartaestudios-en-venta-en-galerias-bogota/10071791,278000000,1,1,30.26,bogotá,Orinoquía
179,"BELATERRA PIETRA, Apartamento en Venta en Mayapan las vegas, Cali",https://www.fincaraiz.com.co/proyectos-vivienda/belaterra-pietra-apartamentos-en-venta-en-valle-del-lili-cali/15016756,400401000,2,2,67.4,cali,Amazonía
180,"AGUAMARINA, Apartamento en Venta en Bochalema, Cali",https://www.fincaraiz.com.co/proyectos-vivienda/aguamarina-apartamentos-en-venta-en-bochalema-cali/7110915,213525000,2,2,60.48,cali,Amazonía
181,"CASAS DE LA VEGA, Apartamento en Venta en El hormiguero, Puerto tejada",https://www.fincaraiz.com.co/proyectos-vivienda/casas-de-la-vega-apartamentos-en-venta-en-el-hormiguero-puerto-tejada/10229007,140000000,2,1,53.41,puerto tejada,desconocido
182,"BOSQUE SAN ANGEL, Apartamento en Venta en Ibagué",https://www.fincaraiz.com.co/proyectos-vivienda/bosque-san-angel-apartamentos-en-venta-en-ibague/15017299,449566000,3,2,91.05,ibagué,Andina
183,"VIVERDI, Apartamento en Venta en San fernando viejo, Cali",https://www.fincaraiz.com.co/proyectos-vivienda/viverdi-apartamentos-en-venta-en-san-fernando-viejo-cali/7883085,515069000,2,2,72.68,cali,Amazonía
184,"BAMBU, Apartamento en Venta en Ibagué",https://www.fincaraiz.com.co/proyectos-vivienda/bambu-apartamentos-en-venta-en-ibague/15017047,405467000,3,2,90.46,ibagué,Andina
185,"Reserva de La Sierra, Apartamento en Venta en Usaquen, Bogotá",https://www.fincaraiz.com.co/proyectos-vivienda/reserva-de-la-sierra-apartamentos-en-venta-en-usaquen-bogota/10857920,2250359000,3,5,176.08,bogotá,Orinoquía
186,"LOS ROBLES, Casa en Venta en Chuntame, Cajicá",https://www.fincaraiz.com.co/proyectos-vivienda/los-robles-casas-en-venta-en-chuntame-cajica/15017473,1250000000,3,4,173,cajicá,desconocido
187,"ECO HACIENDA SANTA CRUZ, Apartamento en Venta en Ibagué",https://www.fincaraiz.com.co/proyectos-vivienda/eco-hacienda-santa-cruz-apartamentos-en-venta-en-ibague/15017300,192172500,2,2,56.67,ibagué,Andina
188,"CAMPOS DE PANGOLA MIRADOR DEL RIO, Apartamento en Venta en Cn. paisaje de pangola, Jamundí",https://www.fincaraiz.com.co/proyectos-vivienda/campos-de-pangola-mirador-del-rio-apartamentos-en-venta-en-jamundi/6982734,209679900,2,2,62.08,jamundí,desconocido
189,"PIAZZA, Apartamento en Venta en Bochalema, Cali",https://www.fincaraiz.com.co/proyectos-vivienda/piazza-apartamentos-en-venta-en-valle-del-lili-cali/10739934,481619185,2,2,73.9,cali,Amazonía
190,"BOSQUE MADERO, Apartamento en Venta en Cd. simon bolivar et. i, Ibagué",https://www.fincaraiz.com.co/proyectos-vivienda/bosque-madero-apartamentos-en-venta-en-ibague/15017048,470292000,3,2,90.99,ibagué,Andina
191,"TIERRALINDA DE LA PLANICIE, Apartamento en Venta en Bochalema, Cali",https://www.fincaraiz.com.co/proyectos-vivienda/tierralinda-de-la-planicie-apartamentos-en-venta-en-tierralinda-cali/7217724,202690570,2,2,63.02,cali,Amazonía
192,"Dimaro, Apartamento en Venta en Realengo, Barranquilla",https://www.fincaraiz.com.co/proyectos-vivienda/dimaro-apartamentos-en-venta-en-metropolitana-barranquilla/7883920,441712000,3,2,74,barranquilla,Caribe
193,"TORRE DE LOS ANDES, Apartamento en Venta en La Floresta, Bogotá",https://www.fincaraiz.com.co/proyectos-vivienda/torre-de-los-andes-apartamentos-en-venta-en-andes/7707475,290500000,1,1,26.5,bogotá,Orinoquía
194,"EJEREAL, Apartamento en Venta en Avenida Centenario, Armenia",https://www.fincaraiz.com.co/proyectos-vivienda/ejereal-apartamentos-en-venta-en-avenida-centenario-armenia/10118042,200685030,3,1,53.4,armenia,Andina
195,"VERDANT, Apartamento en Venta en La hacienda, Cali",https://www.fincaraiz.com.co/proyectos-vivienda/verdant-apartamentos-en-venta-en-el-limonar-cali/15016865,553070000,2,2,62.3,cali,Amazonía
196,"MILAN 170, Apartamento en Venta en Los laureles, Manizales",https://www.fincaraiz.com.co/proyectos-vivienda/milan-170-apartamentos-en-venta-en-milan-manizales/7642953,360000000,1,1,46.63,manizales,Andina
197,"PEÑAZUL LA ALDEA, Apartamento en Venta en Ricaurte",https://www.fincaraiz.com.co/proyectos-vivienda/peñazul-la-aldea-apartamentos-en-venta-en-ricaurte/3791838,274247000,3,2,57.84,ricaurte,desconocido
198,"HERMOSOS LOTES CAMPESTRES CON CABAÑA EN APULO CON DISEÑOS Y PLANOS PARA UNA CASA CAMPESTRE A SU GUSTO, Lote en Venta en Vereda San Antonio, Apulo",https://www.fincaraiz.com.co/proyectos-vivienda/hermosos-lotes-campestres-con-cabaña-en-apulo-con-diseños-y-planos-para-una-casa-campestre-a-su-gusto-lotes-en-venta-en-vereda-san-antonio-apulo/10274346,199000000,1,1,1500,apulo,desconocido
199,"Brisas del Jardín, Apartamento en Venta en La esperanza, Cartagena",https://www.fincaraiz.com.co/proyectos-vivienda/brisas-del-jardin-apartamentos-en-venta-en-la-esperanza-cartagena/15017162,195000000,2,1,53.96,cartagena,Caribe
200,"NOVA CONDOMINIO AVENUE, Apartamento en Venta en Valle del Lili, Cali",https://www.fincaraiz.com.co/proyectos-vivienda/nova-condominio-avenue-apartamentos-en-venta-en-valle-del-lili-cali/7896529,554802242,3,3,79.75,cali,Amazonía
201,"ALTAVIA, Apartamento en Venta en Nueva tequendama, Cali",https://www.fincaraiz.com.co/proyectos-vivienda/altavia-apartamentos-en-venta-en-nueva-tequendama-cali/15017258,419194660,1,1,39,cali,Amazonía
202,"LA PLAZUELA, Apartamento en Venta en Boston, Barranquilla",https://www.fincaraiz.com.co/proyectos-vivienda/la-plazuela-apartamentos-en-venta-en-boston-barranquilla/15017157,324465000,3,2,62.31,barranquilla,Caribe
203,"View Point, Apartamento en Venta en Villa Campestre, Barranquilla",https://www.fincaraiz.com.co/proyectos-vivienda/view-point-apartamentos-en-venta-en-villa-campestre-barranquilla/10792397,222074595,2,2,54,barranquilla,Caribe
204,"CAMPOS DE PANGOLA TORRES, Apartamento en Venta en Ciudad Country, Jamundí",https://www.fincaraiz.com.co/proyectos-vivienda/campos-de-pangola-torres-apartamentos-en-venta-en-jamundi/4944230,195000000,2,2,62.63,jamundí,desconocido
205,"NUEVO POBLADO - TORRE BAENA, Apartamento en Venta en Viviendas del Sur, Itaguí",https://www.fincaraiz.com.co/proyectos-vivienda/nuevo-poblado-torre-baena-apartamentos-en-venta-en-viviendas-del-sur-itagui/10728987,420511570,3,2,61.55,itaguí,desconocido
206,"DIAMANTE CAMPESTRE, Apartamento en Venta en Diamante 2, Bucaramanga",https://www.fincaraiz.com.co/proyectos-vivienda/diamante-campestre-apartamentos-en-venta-en-diamante-2-bucaramanga/10320718,375000000,2,2,63.58,bucaramanga,Andina
207,"TIERRALINDA DEL LAGO, Apartamento en Venta en Bochalema, Cali",https://www.fincaraiz.com.co/proyectos-vivienda/tierralinda-del-lago-apartamentos-en-venta-en-bochalema-cali/15017065,208650000,2,2,64.32,cali,Amazonía
208,"SKY TOWER, Apartamento en Venta en El tejar, Bucaramanga",https://www.fincaraiz.com.co/proyectos-vivienda/sky-tower-apartamentos-en-venta-en-el-tejar-bucaramanga/10183158,478318000,1,1,46.27,bucaramanga,Andina
209,"FIORINO, Apartamento en Venta en Santa isabel, Cali",https://www.fincaraiz.com.co/proyectos-vivienda/fiorino-apartamentos-en-venta-en-san-fernando-nuevo-cali/5320631,587268000,3,2,85.16,cali,Amazonía
210,"URBAN 17-40 LOCALES, Local en Venta en El rubi et i, Mosquera",https://www.fincaraiz.com.co/proyectos-vivienda/urban-1740-locales-locales-en-venta-en-el-rubi-et-i-mosquera/15016792,189900000,0,0,22.34,mosquera,desconocido
211,"FIDELENA, Apartamento en Venta en Vegas de la doctora, Sabaneta",https://www.fincaraiz.com.co/proyectos-vivienda/fidelena-apartamentos-en-venta-en-vegas-de-la-doctora-sabaneta/15017052,519428000,3,3,84,sabaneta,desconocido
212,"ELEMENT, Apartamento en Venta en Restrepo, Bogotá",https://www.fincaraiz.com.co/proyectos-vivienda/element-apartamentos-en-venta-en-restrepo-bogota/15017287,213525000,2,1,35.7,bogotá,Orinoquía
213,"COUNTRY WOODS, Apartamento en Venta en Cañaveral, Floridablanca",https://www.fincaraiz.com.co/proyectos-vivienda/country-woods-apartamentos-en-venta-en-floridablanca/7324608,415968000,2,2,65.68,floridablanca,desconocido
214,"TIERRALINDA DEL SAMAN, Apartamento en Venta en Bochalema, Cali",https://www.fincaraiz.com.co/proyectos-vivienda/tierralinda-del-saman-apartamentos-en-venta-en-tierralinda-cali/7820025,577808937,3,3,103.42,cali,Amazonía
215,"CANEY RESERVADO, Apartamento en Venta en Fontibon, Bogotá",https://www.fincaraiz.com.co/proyectos-vivienda/caney-reservado-apartamentos-en-venta-en-fontibon-bogota/5772437,194951000,2,1,37.96,bogotá,Orinoquía
216,"TORRES DE TOSCANA, Apartamento en Venta en El campin i-ii, Pereira",https://www.fincaraiz.com.co/proyectos-vivienda/torres-de-toscana-apartamentos-en-venta-en-belmonte-a-pereira/3756160,418684644,2,2,58.63,pereira,Andina
217,"ARROYUELOS, Casa en Venta en El cerrito",https://www.fincaraiz.com.co/proyectos-vivienda/arroyuelos-casas-en-venta-en-cali/10223413,149721595,1,1,30.05,el cerrito,desconocido
218,"TIERRALINDA DE LAS FLORES, Apartamento en Venta en Bochalema, Cali",https://www.fincaraiz.com.co/proyectos-vivienda/tierralinda-de-las-flores-apartamentos-en-venta-en-tierralinda-cali/10089763,324042947,3,2,61.67,cali,Amazonía
219,"VILANOVA, Apartamento en Venta en Villemar, Bogotá",https://www.fincaraiz.com.co/proyectos-vivienda/vilanova-apartamentos-en-venta-en-villemar-bogota/15017083,230607000,2,1,42,bogotá,Orinoquía
220,"Solario, Apartamento en Venta en Las marinas, Soledad",https://www.fincaraiz.com.co/proyectos-vivienda/solario-apartamentos-en-venta-en-soledad/7766248,208920000,2,1,46,soledad,desconocido
221,"TORRES DE FONTIBON, Apartamento en Venta en Fontibon, Bogotá",https://www.fincaraiz.com.co/proyectos-vivienda/torres-de-fontibon-apartamentos-en-venta-en-fontibon-bogota/6909505,209999000,2,2,41.5,bogotá,Orinoquía
222,"MONTEVIOLETA, Lote en Venta en La violeta, Sopó",https://www.fincaraiz.com.co/proyectos-vivienda/montevioleta-lotes-en-venta-en-la-violeta-sopo/15017479,476000000,0,0,1500,sopó,desconocido
223,"PRADERA DEL HATO, Casa en Venta en La españolita, Piedecuesta",https://www.fincaraiz.com.co/proyectos-vivienda/pradera-del-hato-casas-en-venta-en-la-españolita-piedecuesta/15017179,866695000,3,3,136.06,piedecuesta,desconocido
224,Casa en venta,https://www.fincaraiz.com.co/proyectos-vivienda/zakura-gold-casas-en-venta-en-villa-del-rosario/1336838,550000000,3,3,134.26,venta,desconocido
225,"Bosques de Guaymaral Verdania, Apartamento en Venta en Lagos de Torca, Bogotá",https://www.fincaraiz.com.co/proyectos-vivienda/bosques-de-guaymaral-verdania-apartamentos-en-venta-en-lagos-de-torca-bogota/10229338,531137000,2,2,61.38,bogotá,Orinoquía
226,"LIF 91, Apartamento en Venta en Cr. los arroyuelos, Ibagué",https://www.fincaraiz.com.co/proyectos-vivienda/lif-91-apartamentos-en-venta-en-cañaveral-et-i-ibague/6581385,192172500,2,2,51.07,ibagué,Andina
227,"El Jardín Azucena, Apartamento en Venta en La esperanza, Cartagena",https://www.fincaraiz.com.co/proyectos-vivienda/el-jardin-azucena-apartamentos-en-venta-en-la-esperanza-cartagena/15017170,213525000,2,2,65.02,cartagena,Caribe
228,"URBAN 17-40, Apartamento en Venta en El rubi et i, Mosquera",https://www.fincaraiz.com.co/proyectos-vivienda/urban-1740-apartamentos-en-venta-en-el-rubi-et-i-mosquera/15016760,210000000,3,2,56.6,mosquera,desconocido
229,"SAMARIA, Apartamento en Venta en Pozos Colorados, Santa marta",https://www.fincaraiz.com.co/proyectos-vivienda/samaria-apartamentos-en-venta-en-pozos-colorados-santa-marta/10833128,1168747000,2,2,94.29,santa marta,Caribe
230,"BOSQUES DE BOCHALEMA, Apartamento en Venta en Bochalema, Cali",https://www.fincaraiz.com.co/proyectos-vivienda/bosques-de-bochalema-apartamentos-en-venta-en-bochalema-cali/15017059,558965000,2,1,94.34,cali,Amazonía
231,Casa en venta,https://www.fincaraiz.com.co/proyectos-vivienda/zakura-silver-casas-en-venta-en-lomitas-villa-del-rosario/5418228,360000000,3,3,78,venta,desconocido
232,"LOTO, Apartamento en Venta en Bochalema, Cali",https://www.fincaraiz.com.co/proyectos-vivienda/loto-apartamentos-en-venta-en-bochalema-cali/10255638,642728968,3,2,106.52,cali,Amazonía
233,"LA SCALA, Apartamento en Venta en San jose de bavaria, Bogotá",https://www.fincaraiz.com.co/proyectos-vivienda/la-scala-apartamentos-en-venta-en-san-jose-de-bavaria-bogota/10566025,598229000,3,2,66.2,bogotá,Orinoquía
234,"PRADOS DEL NARANJO, Apartamento en Venta en Prados del norte, Cali",https://www.fincaraiz.com.co/proyectos-vivienda/prados-del-naranjo-apartamentos-en-venta-en-prados-del-norte-cali/5451766,375000000,2,2,67,cali,Amazonía
235,"ALCALA GRAN RESERVA, Apartamento en Venta en Comuna 16 - lagos del cacique, Bucaramanga",https://www.fincaraiz.com.co/proyectos-vivienda/alcala-gran-reserva-apartamentos-en-venta-en-comuna-16-lagos-del-cacique-bucaramanga/15016657,1145601000,3,4,122.37,bucaramanga,Andina
236,"Tribeca, Apartamento en Venta en Santa Anita, Cali",https://www.fincaraiz.com.co/proyectos-vivienda/tribeca-apartamentos-en-venta-en-santa-anita-cali/5992559,249112500,2,1,44.41,cali,Amazonía
237,"EL ROBLE, Apartamento en Venta en La felicidad, Bogotá",https://www.fincaraiz.com.co/proyectos-vivienda/el-roble-apartamentos-en-venta-en-la-felicidad-bogota/15017286,540203700,2,2,59.35,bogotá,Orinoquía
238,"TOLEDANA DEL SUR, Apartamento en Venta en Yarumito, La estrella",https://www.fincaraiz.com.co/proyectos-vivienda/toledana-del-sur-apartamentos-en-venta-en-suramerica-la-estrella/15016688,706694000,3,2,93.29,la estrella,desconocido
239,"ZUE RUBI, Apartamento en Venta en Soacha",https://www.fincaraiz.com.co/proyectos-vivienda/zue-rubi-apartamentos-en-venta-en-soacha/15017449,220000000,3,2,65,soacha,desconocido
240,"TIERRALINDA DE LA PRADERA, Apartamento en Venta en Bochalema, Cali",https://www.fincaraiz.com.co/proyectos-vivienda/tierralinda-de-la-pradera-apartamentos-en-venta-en-tierralinda-cali/6836856,327325883,3,2,68.66,cali,Amazonía
241,"CITYCENTER, Apartamento en Venta en La victoria, Bucaramanga",https://www.fincaraiz.com.co/proyectos-vivienda/citycenter-apartamentos-en-venta-en-la-victoria-bucaramanga/2395253,467034000,2,2,55.35,bucaramanga,Andina
242,"PORTUS 352, Apartamento en Venta en Ciudad los alamos, Cali",https://www.fincaraiz.com.co/proyectos-vivienda/portus-352-apartamentos-en-venta-en-ciudad-los-alamos-cali/3633056,640300000,3,2,87,cali,Amazonía
243,"PUNTALTA ALTAGRACIA, Apartamento en Venta en Ceballos, Cartagena",https://www.fincaraiz.com.co/proyectos-vivienda/puntalta-altagracia-apartamentos-en-venta-en-ceballos-cartagena/7883906,316469000,1,2,54.1,cartagena,Caribe
244,"Lúmina, Apartamento en Venta en Pance, Cali",https://www.fincaraiz.com.co/proyectos-vivienda/lumina-apartamentos-en-venta-en-pance-cali/15017502,249538000,1,1,28.7,cali,Amazonía
245,"MAUI, Apartamento en Venta en Ciudad Mallorquín, Barranquilla",https://www.fincaraiz.com.co/proyectos-vivienda/maui-apartamentos-en-venta-en-ciudad-mallorquin-barranquilla/15017053,181000000,2,2,57.34,barranquilla,Caribe
246,"SAKURA, Apartamento en Venta en Bochalema, Cali",https://www.fincaraiz.com.co/proyectos-vivienda/sakura-apartamentos-en-venta-en-bochalema-cali/10721485,508727541,2,2,84.59,cali,Amazonía
247,"EL CAIRO RESERVA CAMPESTRE, Casa en Venta en El cairo reserva campestre, Pereira",https://www.fincaraiz.com.co/proyectos-vivienda/el-cairo-reserva-campestre-casas-en-venta-en-el-cairo-reserva-campestre-pereira/15017529,1230000000,3,4,282,pereira,Andina
248,"CERROS DE SANTA MARIA, Apartamento en Venta en Floridablanca",https://www.fincaraiz.com.co/proyectos-vivienda/cerros-de-santa-maria-apartamentos-en-venta-en-floridablanca/15016899,431018000,2,2,77.72,floridablanca,desconocido
249,"BAIKAL, Apartamento en Venta en Bochalema, Cali",https://www.fincaraiz.com.co/proyectos-vivienda/baikal-apartamentos-en-venta-en-valle-del-lili-cali/5085991,475690000,2,2,80.16,cali,Amazonía
250,"BRASSIKA CLUB LIVING, Apartamento en Venta en Comuna 3, Palmira",https://www.fincaraiz.com.co/proyectos-vivienda/brassika-club-living-apartamentos-en-venta-en-santa-ana-palmira/7205118,321050803,2,2,67.32,palmira,desconocido
251,Casa en venta,https://www.fincaraiz.com.co/proyectos-vivienda/reverdecer-apartamentos-en-venta-en-la-calera/5641433,646000000,3,3,105.9,venta,desconocido
252,"Parma, Apartamento en Venta en Providencia, Cartagena",https://www.fincaraiz.com.co/proyectos-vivienda/parma-apartamentos-en-venta-en-providencia-cartagena/15017175,213525000,2,2,66.72,cartagena,Caribe
253,"CLARO VERDE, Casa en Venta en Jamundí",https://www.fincaraiz.com.co/proyectos-vivienda/claro-verde-casas-en-venta-en-jamundi/15017326,149721595,2,1,41.03,jamundí,desconocido
254,"Lila, Apartamento en Venta en Valle del Lili, Cali",https://www.fincaraiz.com.co/proyectos-vivienda/lila-apartamentos-en-venta-en-valle-del-lili-cali/15017487,249535991,2,1,49.57,cali,Amazonía
255,"TUCANES DEL CASTILLO, Casa en Venta en El Castillo, Jamundí",https://www.fincaraiz.com.co/proyectos-vivienda/tucanes-del-castillo-casas-en-venta-en-el-castillo-jamundi/15017407,563500000,3,3,134.58,jamundí,desconocido
256,"ROMERO, Apartamento en Venta en Bochalema, Cali",https://www.fincaraiz.com.co/proyectos-vivienda/romero-apartamentos-en-venta-en-sur-cali/7188573,486856063,3,2,90.57,cali,Amazonía
257,"LA RESERVA, Apartamento en Venta en La felicidad, Bogotá",https://www.fincaraiz.com.co/proyectos-vivienda/la-reserva-apartamentos-en-venta-en-la-felicidad-bogota/15017289,2146127400,4,5,221.79,bogotá,Orinoquía
258,"PORTO NOVO, Apartamento en Venta en Marbella, Cartagena",https://www.fincaraiz.com.co/proyectos-vivienda/porto-novo-apartamentos-en-venta-en-marbella-cartagena/7766182,1044964000,3,2,109.37,cartagena,Caribe
259,"Country Masái, Apartamento en Venta en Bosques molinos, Floridablanca",https://www.fincaraiz.com.co/proyectos-vivienda/country-masai-apartamentos-en-venta-en-bosques-molinos-floridablanca/4036713,501147000,3,2,76.5,floridablanca,desconocido
260,"Ciudad del Parque Acandí, Apartamento en Venta en Soledad",https://www.fincaraiz.com.co/proyectos-vivienda/ciudad-del-parque-acandi-apartamentos-en-venta-en-soledad/15017219,189800000,2,2,59.89,soledad,desconocido
261,"SAONA, Apartamento en Venta en Ciudad jardin, Cali",https://www.fincaraiz.com.co/proyectos-vivienda/saona-apartamentos-en-venta-en-ciudad-jardin-cali/4990436,729523000,2,2,88.97,cali,Amazonía
262,"ASTORIA, Apartamento en Venta en La Selva, Cali",https://www.fincaraiz.com.co/proyectos-vivienda/astoria-apartamentos-en-venta-en-la-selva-cali/15017249,431886000,2,2,66.17,cali,Amazonía
263,"RESERVA DEL MAR BELLO HORIZONTE 2, Apartamento en Venta en Pozos Colorados, Santa marta",https://www.fincaraiz.com.co/proyectos-vivienda/reserva-del-mar-bello-horizonte-2-apartamentos-en-venta-en-pozos-colorados-santa-marta/10226587,499999000,1,1,37,santa marta,Caribe
264,"VALLE ALTO, Apartamento en Venta en Las Palmas, Ricaurte",https://www.fincaraiz.com.co/proyectos-vivienda/valle-alto-apartamentos-en-venta-en-las-palmas-ricaurte/10205232,202772700,2,1,52,ricaurte,desconocido
265,"TORRELADERA BOSQUE RESERVADO ETAPA 2, Apartamento en Venta en Suba cerros, Bogotá",https://www.fincaraiz.com.co/proyectos-vivienda/torreladera-bosque-reservado-etapa-2-apartamentos-en-venta-en-suba-cerros-bogota/5497703,1650000000,4,5,165,bogotá,Orinoquía
266,"COSTANERA, Apartamento en Venta en Miramar, Barranquilla",https://www.fincaraiz.com.co/proyectos-vivienda/costanera-apartamentos-en-venta-en-miramar-barranquilla/15016929,1736219000,3,3,148.14,barranquilla,Caribe
267,"NOGAL, Apartamento en Venta en Lagos de Torca, Bogotá",https://www.fincaraiz.com.co/proyectos-vivienda/nogal-apartamentos-en-venta-en-lagos-de-torca-bogota/5438244,678700000,3,3,113,bogotá,Orinoquía
268,"LAGOS DE IRAKA CASAS DE CAMPO, Casa Campestre en Venta en Vía El Caimo, Armenia",https://www.fincaraiz.com.co/proyectos-vivienda/lagos-de-iraka-casas-de-campo-casas-campestres-en-venta-en-via-el-caimo-armenia/10549323,1143150000,3,4,181.35,armenia,Andina
269,"POSEIDON APARTASUITES, Apartamento en Venta en Gaira mar, Santa marta",https://www.fincaraiz.com.co/proyectos-vivienda/poseidon-apartasuites-apartamentos-en-venta-en-rodadero-santa-marta/7823942,270084955,1,1,35,santa marta,Caribe
270,"CASTELLANA 51, Apartamento en Venta en Buenavista, Barranquilla",https://www.fincaraiz.com.co/proyectos-vivienda/castellana-51-apartamentos-en-venta-en-buenavista-barranquilla/6450550,422252000,2,2,62.5,barranquilla,Caribe
271,"POZO GRANDE, Apartamento en Venta en Cj torres de tejares del libertador, Santa marta",https://www.fincaraiz.com.co/proyectos-vivienda/pozo-grande-apartamentos-en-venta-en-ub-sierradentro-reservado-santa-marta/6765347,208500000,3,2,63.24,santa marta,Caribe
272,"SAN PABLO, Apartamento en Venta en Chapinero, Bucaramanga",https://www.fincaraiz.com.co/proyectos-vivienda/san-pablo-apartamentos-en-venta-en-comuneros-bucaramanga/2322298,123951005,1,1,34.1,bucaramanga,Andina
273,"ALTOS DE LA HACIENDA, Apartamento en Venta en Ladrilleras, Calarcá",https://www.fincaraiz.com.co/proyectos-vivienda/altos-de-la-hacienda-apartamentos-en-venta-en-antonio-nariño-calarca/10872561,146523000,1,1,28.73,calarcá,desconocido
274,"CANTARES DE RIACHUELOS, Apartamento en Venta en Carmelo, Bello",https://www.fincaraiz.com.co/proyectos-vivienda/cantares-de-riachuelos-apartamentos-en-venta-en-carmelo-bello/15017513,313635000,3,2,65,bello,desconocido
275,"NEW BOSTON TOWERS, Apartamento en Venta en Boston, Barranquilla",https://www.fincaraiz.com.co/proyectos-vivienda/new-boston-towers-apartamentos-en-venta-en-boston-barranquilla/3780498,463290097,3,3,83.39,barranquilla,Caribe
276,"TORRE 11 APARTAMENTOS, Apartamento en Venta en Avenida Centenario, Armenia",https://www.fincaraiz.com.co/proyectos-vivienda/torre-11-apartamentos-apartamentos-en-venta-en-la-castellana-armenia/10341199,175200000,1,1,35.04,armenia,Andina
277,"LAGOS DE IRAKA SUITES, Apartamento en Venta en Vía El Caimo, Armenia",https://www.fincaraiz.com.co/proyectos-vivienda/lagos-de-iraka-suites-apartamentos-en-venta-en-via-el-caimo-armenia/1000257,791711900,2,3,100.09,armenia,Andina
278,"Menta Apartamentos, Apartamento en Venta en Las Lomitas, Sabaneta",https://www.fincaraiz.com.co/proyectos-vivienda/menta-apartamentos-apartamentos-en-venta-en-las-lomitas-sabaneta/5399310,556348152,2,2,65.4,sabaneta,desconocido
279,"TORRE ESTACIÓN, Apartamento en Venta en San victorino, Bogotá",https://www.fincaraiz.com.co/proyectos-vivienda/torre-estacion-apartamentos-en-venta-en-san-victorino-bogota/4537129,372300000,2,2,64.71,bogotá,Orinoquía
280,"MIRAMONTE, Apartamento en Venta en Monserrate, Santa rosa de cabal",https://www.fincaraiz.com.co/proyectos-vivienda/miramonte-apartamentos-en-venta-en-santa-rosa-de-cabal/10644425,312590000,2,2,68,no especifica,desconocido
281,"C2-65, Apartaestudio en Venta en Chapinero, Bogotá",https://www.fincaraiz.com.co/proyectos-vivienda/c265-apartaestudios-en-venta-en-los-rosales-bogota/15017263,334435000,1,1,31.7,bogotá,Orinoquía
282,"PLAYA ESCONDIDA, Apartamento en Venta en La boquilla, Cartagena",https://www.fincaraiz.com.co/proyectos-vivienda/playa-escondida-apartamentos-en-venta-en-la-boquilla-cartagena/10966619,706000000,1,2,58.5,cartagena,Caribe
283,"VIVOPARK, Apartamento en Venta en Fontibon, Bogotá",https://www.fincaraiz.com.co/proyectos-vivienda/vivopark-apartamentos-en-venta-en-fontibon-bogota/10481109,227290000,1,1,44.32,bogotá,Orinoquía
284,"URBANIA TERRA, Apartamento en Venta en Fontibon, Bogotá",https://www.fincaraiz.com.co/proyectos-vivienda/urbania-terra-apartamentos-en-venta-en-fontibon-bogota/15017038,249820000,3,2,45.42,bogotá,Orinoquía
285,"LA RESERVA CAMPESTRE, Lote en Venta en San luis, Tubará",https://www.fincaraiz.com.co/proyectos-vivienda/la-reserva-campestre-lotes-en-venta-en-tubara/15017501,135000000,0,0,180,tubará,desconocido
286,"IBIS, Apartamento en Venta en Alameda del Rio, Barranquilla",https://www.fincaraiz.com.co/proyectos-vivienda/ibis-apartamentos-en-venta-en-alameda-del-rio-barranquilla/15016715,234000000,2,1,50,barranquilla,Caribe
287,"El Castell Iberia Reservado1, Apartamento en Venta en Nueva Castilla, Bogotá",https://www.fincaraiz.com.co/proyectos-vivienda/el-castell-iberia-reservado1-apartamentos-en-venta-en-nueva-castilla-bogota/10079906,230600000,1,1,34.68,bogotá,Orinoquía
288,"MONTEVEDRA CLUB RESIDENCIAL, Apartamento en Venta en Galicia, Pereira",https://www.fincaraiz.com.co/proyectos-vivienda/montevedra-club-residencial-apartamentos-en-venta-en-galicia-pereira/7836752,405278821,3,2,65.5,pereira,Andina
289,"MIRAMONT PARK, Apartamento en Venta en Santa teresa, Bogotá",https://www.fincaraiz.com.co/proyectos-vivienda/miramont-park-apartamentos-en-venta-en-zona-norte-bogota/1587448,470000000,2,2,59.5,bogotá,Orinoquía
290,"TORRE MONTANA, Apartamento en Venta en Hoyo grande, Piedecuesta",https://www.fincaraiz.com.co/proyectos-vivienda/torre-montana-apartamentos-en-venta-en-hoyo-grande-piedecuesta/15017385,148000000,1,1,35.59,piedecuesta,desconocido
291,"BELO HORIZONTE, Apartamento en Venta en Urbanizacion urapanes, Bello",https://www.fincaraiz.com.co/proyectos-vivienda/belo-horizonte-apartamentos-en-venta-en-la-primavera/7768596,179400000,2,1,48,bello,desconocido
292,"PARQUE COMERCIAL LA VEGA, Apartamento en Venta en La vega",https://www.fincaraiz.com.co/proyectos-vivienda/parque-comercial-la-vega-apartamentos-en-venta-en-la-vega/15016893,244334000,1,1,33.07,la vega,desconocido
293,"URBANA 30, Apartamento en Venta en Paloquemao, Bogotá",https://www.fincaraiz.com.co/proyectos-vivienda/urbana-30-apartamentos-en-venta-en-paloquemao-bogota/5893098,182000000,1,1,22,bogotá,Orinoquía
294,"CENTRIKO, Apartamento en Venta en Fontibon, Bogotá",https://www.fincaraiz.com.co/proyectos-vivienda/centriko-apartamentos-en-venta-en-hayuelos-bogota/7887828,532595000,3,2,62.62,bogotá,Orinoquía
295,"CEDRO, Apartamento en Venta en Lagos de Torca, Bogotá",https://www.fincaraiz.com.co/proyectos-vivienda/cedro-apartamentos-en-venta-en-lagos-de-torca-bogota/6516084,635000000,3,2,79,bogotá,Orinoquía
296,"BUENOS AIRES RESERVADO, Apartamento en Venta en El recreo, La mesa",https://www.fincaraiz.com.co/proyectos-vivienda/buenos-aires-reservado-apartamentos-en-venta-en-el-recreo-la-mesa/10081109,293918300,2,2,52.5,la mesa,desconocido
297,Apartaestudio en venta,https://www.fincaraiz.com.co/proyectos-vivienda/alcantara-condominio-apartamentos-en-venta-en-aldea-alta-giron/6834599,147521998,1,1,30.8,venta,desconocido
298,"GINGER, Apartamento en Venta en Providencia, Cartagena",https://www.fincaraiz.com.co/proyectos-vivienda/ginger-apartamentos-en-venta-en-providencia-cartagena/6914914,340000000,2,2,77,cartagena,Caribe
299,"RESERVA DEL MAR PUERTO GAIRA, Apartamento en Venta en Rodadero, Santa marta",https://www.fincaraiz.com.co/proyectos-vivienda/reserva-del-mar-puerto-gaira-apartamentos-en-venta-en-rodadero-y-gaira-santa-marta/10377715,451000000,1,1,36,santa marta,Caribe
300,"XUA Apartamentos, Apartamento en Venta en Rodadero sur, Santa marta",https://www.fincaraiz.com.co/proyectos-vivienda/xua-apartamentos-apartamentos-en-venta-en-rodadero-sur-santa-marta/10249639,303566663,1,1,32.14,santa marta,Caribe
301,"SUNSET BOULEVARD APARTAMENTOS, Apartamento en Venta en Ciudad Mallorquín, Barranquilla",https://www.fincaraiz.com.co/proyectos-vivienda/sunset-boulevard-apartamentos-apartamentos-en-venta-en-portal-de-genoves-barranquilla/10174730,658633727,2,3,93,barranquilla,Caribe
302,"ALPHA TOWER, Apartamento en Venta en Antonia santos centro, Bucaramanga",https://www.fincaraiz.com.co/proyectos-vivienda/alpha-tower-apartamentos-en-venta-en-antonia-santos-centro-bucaramanga/6834506,308357000,3,2,62.93,bucaramanga,Andina
303,"JARDINES DE FONTANAR, Apartamento en Venta en Hacienda Fontanar, Cajicá",https://www.fincaraiz.com.co/proyectos-vivienda/jardines-de-fontanar-apartamentos-en-venta-en-hacienda-fontanar-cajica/10054779,530000000,2,2,72,cajicá,desconocido
304,"EL PUERTO, Apartamento en Venta en La felicidad, Bogotá",https://www.fincaraiz.com.co/proyectos-vivienda/el-puerto-apartamentos-en-venta-en-la-felicidad-bogota/15017496,773600000,1,1,48,bogotá,Orinoquía
305,"ARTEK MAR, Apartamento en Venta en Ciudad Mallorquín, Barranquilla",https://www.fincaraiz.com.co/proyectos-vivienda/artek-mar-apartamentos-en-venta-en-villa-campestre-barranquilla/10134280,449000000,2,2,76.86,barranquilla,Caribe
306,"Aquanova, Apartamento en Venta en Ciudad Mallorquín, Barranquilla",https://www.fincaraiz.com.co/proyectos-vivienda/aquanova-apartamentos-en-venta-en-ciudad-mallorquin-barranquilla/7055721,207540000,3,2,46.99,barranquilla,Caribe
307,"VERONA, Apartamento en Venta en Ilarco, Bogotá",https://www.fincaraiz.com.co/proyectos-vivienda/verona-apartamentos-en-venta-en-ilarco-bogota/10379685,426000000,1,1,32,bogotá,Orinoquía
308,"PALLADIO, Apartamento en Venta en Pie de popa toril, Cartagena",https://www.fincaraiz.com.co/proyectos-vivienda/palladio-apartamentos-en-venta-en-pie-de-popa-toril-cartagena/5438485,515000000,1,2,73,cartagena,Caribe
309,"Riverblue, Apartamento en Venta en Riomar, Barranquilla",https://www.fincaraiz.com.co/proyectos-vivienda/riverblue-apartamentos-en-venta-en-riomar-barranquilla/10565926,230600000,2,2,51.59,barranquilla,Caribe
310,"RESERVA DEL MAR BELLO HORIZONTE, Apartamento en Venta en Pozos Colorados, Santa marta",https://www.fincaraiz.com.co/proyectos-vivienda/reserva-del-mar-bello-horizonte-apartamentos-en-venta-en-zuana-santa-marta/6943824,458999990,1,1,35,santa marta,Caribe
311,"COROZO, Apartamento en Venta en Estadio, Soledad",https://www.fincaraiz.com.co/proyectos-vivienda/corozo-apartamentos-en-venta-en-estadio-soledad/10211418,172750000,2,1,43.7,soledad,desconocido
312,"PINOT, Apartamento en Venta en Envigado",https://www.fincaraiz.com.co/proyectos-vivienda/pinot-apartamentos-en-venta-en-envigado/15017452,1148157500,2,3,87.35,envigado,desconocido
313,"COLINA DEL HATO, Apartamento en Venta en Ruitoque, Piedecuesta",https://www.fincaraiz.com.co/proyectos-vivienda/colina-del-hato-apartamentos-en-venta-en-ruitoque-piedecuesta/15017201,528658000,3,3,92.69,piedecuesta,desconocido
314,"ECOCIUDAD GALICIA, Apartamento en Venta en El congal, Circasia",https://www.fincaraiz.com.co/proyectos-vivienda/ecociudad-galicia-apartamentos-en-venta-en-via-circasia-circasia/10651208,180000000,3,1,51.47,circasia,desconocido
315,"NAVARRA, Apartamento en Venta en Engativá, Bogotá",https://www.fincaraiz.com.co/proyectos-vivienda/navarra-apartamentos-en-venta-en-engativa-bogota/15016976,850900000,3,2,83,bogotá,Orinoquía
316,"CORAL, Apartamento en Venta en La felicidad, Bogotá",https://www.fincaraiz.com.co/proyectos-vivienda/coral-apartamentos-en-venta-en-la-felicidad-bogota/7709437,464100000,1,1,50,bogotá,Orinoquía
317,"ATELIER 68, Apartaestudio en Venta en Chapinero, Bogotá",https://www.fincaraiz.com.co/proyectos-vivienda/atelier-68-apartaestudios-en-venta-en-chapinero-bogota/10816288,223000000,1,1,21,bogotá,Orinoquía
318,"VITA 219, Apartamento en Venta en Rodadero sur, Santa marta",https://www.fincaraiz.com.co/proyectos-vivienda/vita-219-apartamentos-en-venta-en-rodadero-santa-marta/6974630,383286000,1,1,37.07,santa marta,Caribe
319,"Abadía San Rafael, Apartamento en Venta en Algarra iii, Zipaquirá",https://www.fincaraiz.com.co/proyectos-vivienda/abadia-san-rafael-apartamentos-en-venta-en-algarra-iii-zipaquira/15017186,195000000,2,2,53.88,zipaquirá,desconocido
320,"El Campo, Apartamento en Venta en Porvenir, Bogotá",https://www.fincaraiz.com.co/proyectos-vivienda/el-campo-apartamentos-en-venta-en-porvenir-bogota/15017184,192173000,1,2,54.08,bogotá,Orinoquía
321,"FONTANA 7, Apartamento en Venta en La Prosperidad, Madrid",https://www.fincaraiz.com.co/proyectos-vivienda/fontana-7-apartamentos-en-venta-en-la-prosperidad-madrid/10090345,225000000,3,2,58.2,madrid,desconocido
322,"VIVARIUM CONJUNTO RESIDENCIAL, Apartamento en Venta en Avenida Centenario, Armenia",https://www.fincaraiz.com.co/proyectos-vivienda/vivarium-conjunto-residencial-apartamentos-en-venta-en-avenida-centenario-armenia/6727636,576000000,3,2,94.61,armenia,Andina
323,"BALI, Apartamento en Venta en Providencia, Cartagena",https://www.fincaraiz.com.co/proyectos-vivienda/bali-apartamentos-en-venta-en-providencia-cartagena/10147006,187752500,2,1,51,cartagena,Caribe
324,"ALTA KONDINA, Apartamento en Venta en Condina, Pereira",https://www.fincaraiz.com.co/proyectos-vivienda/alta-kondina-apartamentos-en-venta-en-condina-pereira/15017550,615400000,2,2,79,pereira,Andina
325,"RESERVA DE BELLAVISTA, Apartamento en Venta en El ensueno, Bogotá",https://www.fincaraiz.com.co/proyectos-vivienda/reserva-de-bellavista-apartamentos-en-venta-en-madelena-bogota/15017532,232999000,3,2,44,bogotá,Orinoquía
326,"AREWA, Apartamento en Venta en Rodadero y Gaira, Santa marta",https://www.fincaraiz.com.co/proyectos-vivienda/arewa-apartamentos-en-venta-en-rodadero-y-gaira-santa-marta/7808398,385200000,1,1,36,santa marta,Caribe
327,"BOSQUE MASARYK, Lote en Venta en Ruitoque Bajo, Floridablanca",https://www.fincaraiz.com.co/proyectos-vivienda/bosque-masaryk-lotes-en-venta-en-ruitoque-bajo-floridablanca/15017426,661000000,0,0,640,floridablanca,desconocido
328,"CONDOMINIO CAMPESTRE  LAS BRISAS, Lote en Venta en Condina, Pereira",https://www.fincaraiz.com.co/proyectos-vivienda/condominio-campestre-las-brisas-lotes-en-venta-en-condina-pereira/4853308,250000000,0,0,1,pereira,Andina
329,"COUNTRY RESERVADO, Apartamento en Venta en Los cardonales, Santa marta",https://www.fincaraiz.com.co/proyectos-vivienda/country-reservado-apartamentos-en-venta-en-los-cardonales-santa-marta/10170071,291990000,2,2,51,santa marta,Caribe
330,"Puerta Dorada Marisma, Apartamento en Venta en Comuna 1, Barranquilla",https://www.fincaraiz.com.co/proyectos-vivienda/puerta-dorada-marisma-apartamentos-en-venta-en-comuna-1-barranquilla/15017209,215148000,1,2,40.74,barranquilla,Caribe
331,"HACIENDA ANDAHUAYLAS CONDOMINIO CAMPESTRE, Casa en Venta en Combia, Pereira",https://www.fincaraiz.com.co/proyectos-vivienda/hacienda-andahuaylas-condominio-campestre-casas-en-venta-en-sector-plaza-de-bolivar-pereira/2657513,808800000,2,2,117,pereira,Andina
332,"Ciudad Tierrabuena Terracota, Apartamento en Venta en Guatiguara, Piedecuesta",https://www.fincaraiz.com.co/proyectos-vivienda/ciudad-tierrabuena-terracota-apartamentos-en-venta-en-guatiguara-piedecuesta/15017199,230600000,2,2,55.05,piedecuesta,desconocido
333,"Puerta Dorada Arrecife, Apartamento en Venta en Comuna 1, Barranquilla",https://www.fincaraiz.com.co/proyectos-vivienda/puerta-dorada-arrecife-apartamentos-en-venta-en-comuna-1-barranquilla/4713998,188500000,3,2,64.01,barranquilla,Caribe
334,"SAMAN, Apartamento en Venta en El Poblado, Medellín",https://www.fincaraiz.com.co/proyectos-vivienda/saman-apartamentos-en-venta-en-ciudad-del-rio-medellin/10345713,623000000,1,2,56,medellín,Andina
335,"ORQUIDEA, Apartamento en Venta en Lagos de Torca, Bogotá",https://www.fincaraiz.com.co/proyectos-vivienda/orquidea-apartamentos-en-venta-en-lagos-de-torca-bogota/6382440,530000000,2,2,65,bogotá,Orinoquía
336,"PRIMAVERA, Apartamento en Venta en Campo verde, Bogotá",https://www.fincaraiz.com.co/proyectos-vivienda/primavera-apartamentos-en-venta-en-campo-verde-bogota/7425177,208600000,3,2,54.9,bogotá,Orinoquía
337,"Fresno, Apartamento en Venta en Ciudad verde, Soacha",https://www.fincaraiz.com.co/proyectos-vivienda/fresno-apartamentos-en-venta-en-ciudad-verde-soacha/15017188,195000000,2,2,62.4,soacha,desconocido
338,"ICONIK ELITE, Apartamento en Venta en La flora, Cali",https://www.fincaraiz.com.co/proyectos-vivienda/iconik-elite-apartamentos-en-venta-en-la-flora-cali/7345335,350000000,2,2,58.11,cali,Amazonía
339,"SAN MARCO, Apartamento en Venta en La boquilla, Cartagena",https://www.fincaraiz.com.co/proyectos-vivienda/san-marco-apartamentos-en-venta-en-la-boquilla-cartagena/10806437,480000000,1,2,60,cartagena,Caribe
340,"PLAYA SANTUA MAR, Apartamento en Venta en Pozos Colorados, Santa marta",https://www.fincaraiz.com.co/proyectos-vivienda/playa-santua-mar-apartamentos-en-venta-en-pozos-colorados-santa-marta/15017051,1053000000,1,2,57.5,santa marta,Caribe
341,"Inter 7-33, Apartamento en Venta en Centro Internacional, Bogotá",https://www.fincaraiz.com.co/proyectos-vivienda/inter-733-apartamentos-en-venta-en-centro-internacional-bogota/15017536,490000000,1,2,43,bogotá,Orinoquía
342,"ICONIK68, Apartamento en Venta en Américas Central, Bogotá",https://www.fincaraiz.com.co/proyectos-vivienda/iconik68-apartamentos-en-venta-en-americas-central-bogota/5275226,448900000,2,2,60.78,bogotá,Orinoquía
343,"CIPRÉS DE LA FLORIDA, Apartamento en Venta en Gran granada, Bogotá",https://www.fincaraiz.com.co/proyectos-vivienda/cipres-de-la-florida-apartamentos-en-venta-en-gran-granada-bogota/15017124,470000000,3,2,78,bogotá,Orinoquía
344,"Distrito KB, Apartamento en Venta en Palermo, Bogotá",https://www.fincaraiz.com.co/proyectos-vivienda/distrito-kb-apartamentos-en-venta-en-palermo-bogota/15017509,265000000,1,1,23.85,bogotá,Orinoquía
345,"MONTEBONITO ALTO - Última etapa, Apartamento en Venta en Ub. montebonito et. ii, Dosquebradas",https://www.fincaraiz.com.co/proyectos-vivienda/montebonito-alto-ultima-etapa-apartamentos-en-venta-en-ub-montebonito-et-ii-dosquebradas/15017548,273870000,3,2,50.91,dosquebradas,desconocido
346,"RIVERAS DEL OTÚN CONJUNTO RESIDENCIAL, Apartamento en Venta en La badea, Dosquebradas",https://www.fincaraiz.com.co/proyectos-vivienda/riveras-del-otun-conjunto-residencial-apartamentos-en-venta-en-pedregales-dosquebradas/6649610,128115000,1,1,29.35,dosquebradas,desconocido
347,"VALLE DE VADUZ CONDOMINIO, Lote en Venta en Guayanas, Floridablanca",https://www.fincaraiz.com.co/proyectos-vivienda/valle-de-vaduz-condominio-lotes-en-venta-en-guayanas-floridablanca/6510413,789184000,0,0,896.8,floridablanca,desconocido
348,Apartaestudio en venta,https://www.fincaraiz.com.co/proyectos-vivienda/urban-72-apartamentos-en-venta-en-san-felipe-bogota/10797558,234900000,1,1,20.71,venta,desconocido
349,"Alcaparro, Apartamento en Venta en Ciudad verde, Soacha",https://www.fincaraiz.com.co/proyectos-vivienda/alcaparro-apartamentos-en-venta-en-ciudad-verde-soacha/15017189,195000000,2,2,53.95,soacha,desconocido
350,"ENTRECERROS, Apartamento en Venta en Comuna 7, Villavicencio",https://www.fincaraiz.com.co/proyectos-vivienda/entrecerros-apartamentos-en-venta-en-comuna-7-villavicencio/7744068,989000000,3,4,139.14,villavicencio,Orinoquía
351,"LIRA, Apartamento en Venta en Ub. el parque, Soledad",https://www.fincaraiz.com.co/proyectos-vivienda/lira-apartamentos-en-venta-en-ub-el-parque-soledad/10308087,370900000,3,2,70,soledad,desconocido
352,"RESERVA DE ANDALUCIA, Apartamento en Venta en El tejar, Bucaramanga",https://www.fincaraiz.com.co/proyectos-vivienda/reserva-de-andalucia-apartamentos-en-venta-en-el-tejar-bucaramanga/15017160,1573618000,5,6,186.8,bucaramanga,Andina
353,"San Lucas La Quinta, Apartamento en Venta en Algarra iii, Zipaquirá",https://www.fincaraiz.com.co/proyectos-vivienda/san-lucas-la-quinta-apartamentos-en-venta-en-zipaquira/15017187,230600000,2,2,51.09,zipaquirá,desconocido
354,"CIUDAD SAN JUAN, Lote en Venta en Girón, Bucaramanga",https://www.fincaraiz.com.co/proyectos-vivienda/ciudad-san-juan-lotes-en-venta-en-giron-bucaramanga/15017424,94900000,0,0,54,bucaramanga,Andina
355,"TORRE MACUIRA, Apartamento en Venta en Avenida Centenario, Armenia",https://www.fincaraiz.com.co/proyectos-vivienda/torre-macuira-apartamentos-en-venta-en-avenida-centenario-armenia/10198451,439452000,1,1,56.34,armenia,Andina
356,"El Alba en Mallorquín, Apartamento en Venta en Conjunto residencial villa campestre, Barranquilla",https://www.fincaraiz.com.co/proyectos-vivienda/el-alba-en-mallorquin-apartamentos-en-venta-en-ciudad-mallorquin-barranquilla/7055808,181000000,2,2,58,barranquilla,Caribe
357,"Ciudad del Parque Tayrona I, Apartamento en Venta en Siete de abril, Barranquilla",https://www.fincaraiz.com.co/proyectos-vivienda/ciudad-del-parque-tayrona-i-apartamentos-en-venta-en-siete-de-abril-barranquilla/15017225,213525000,2,2,58.76,barranquilla,Caribe
358,"LA BAHIA, Apartamento en Venta en La felicidad, Bogotá",https://www.fincaraiz.com.co/proyectos-vivienda/la-bahia-apartamentos-en-venta-en-la-felicidad-bogota/6517041,618980000,3,2,73,bogotá,Orinoquía
359,"ENTREMADEROS, Apartamento en Venta en Circasia",https://www.fincaraiz.com.co/proyectos-vivienda/entremaderos-apartamentos-en-venta-en-circasia/6362955,1313040000,4,3,176.5,circasia,desconocido
360,"KUNDARA CASAS CAMPESTRES, Casa Campestre en Venta en Cota",https://www.fincaraiz.com.co/proyectos-vivienda/kundara-casas-campestres-casas-campestres-en-venta-en-cota/15017306,860671000,3,3,91.15,cota,desconocido
361,"FLORECER, Apartamento en Venta en Campo verde, Bogotá",https://www.fincaraiz.com.co/proyectos-vivienda/florecer-apartamentos-en-venta-en-campo-verde-bogota/7926017,184900000,3,1,42.56,bogotá,Orinoquía
362,"Miraflores del Valle, Apartamento en Venta en Villa paraiso, Piedecuesta",https://www.fincaraiz.com.co/proyectos-vivienda/miraflores-del-valle-apartamentos-en-venta-en-villa-paraiso-piedecuesta/15017195,162385000,2,2,56.25,piedecuesta,desconocido
363,"OPEN C60, Apartamento en Venta en Chapinero, Bogotá",https://www.fincaraiz.com.co/proyectos-vivienda/open-c60-apartamentos-en-venta-en-chapinero-bogota/15017243,250000000,1,1,26.33,bogotá,Orinoquía
364,"JARDIN IMPERIAL, Apartamento en Venta en Providencia, Cartagena",https://www.fincaraiz.com.co/proyectos-vivienda/jardin-imperial-apartamentos-en-venta-en-providencia-cartagena/7766199,228914000,2,2,60.69,cartagena,Caribe
365,"URBANIA ECO, Apartamento en Venta en Fontibon, Bogotá",https://www.fincaraiz.com.co/proyectos-vivienda/urbania-eco-apartamentos-en-venta-en-brisas-aldea-fontibon-bogota/7419413,188690000,2,1,40.67,bogotá,Orinoquía
366,"El Jardín Laurel, Apartamento en Venta en La esperanza, Cartagena",https://www.fincaraiz.com.co/proyectos-vivienda/el-jardin-laurel-apartamentos-en-venta-en-la-esperanza-cartagena/15017168,213525000,2,2,63.15,cartagena,Caribe
367,"Ciudad del Parque Los Flamencos, Apartamento en Venta en Soledad",https://www.fincaraiz.com.co/proyectos-vivienda/ciudad-del-parque-los-flamencos-apartamentos-en-venta-en-soledad/15017224,197316000,1,2,42.38,soledad,desconocido
368,"ZOLEA GOLDEN LIVING, Apartaestudio en Venta en El Caimo, Armenia",https://www.fincaraiz.com.co/proyectos-vivienda/zolea-golden-living-apartaestudios-en-venta-en-el-caimo-armenia/15016622,419728500,1,1,47.15,armenia,Andina
369,"MARANI RODADERO, Apartamento en Venta en Rodadero, Santa marta",https://www.fincaraiz.com.co/proyectos-vivienda/marani-rodadero-apartamentos-en-venta-en-rodadero-santa-marta/10069477,314748500,1,1,32,santa marta,Caribe
370,"MAGNOLIO, Apartamento en Venta en La estancia, Madrid",https://www.fincaraiz.com.co/proyectos-vivienda/magnolio-apartamentos-en-venta-en-la-estancia-madrid/7299862,213525000,2,1,52,madrid,desconocido
371,"PORTAL DE LA LOMA, Apartamento en Venta en Portanova, Piedecuesta",https://www.fincaraiz.com.co/proyectos-vivienda/portal-de-la-loma-apartamentos-en-venta-en-portanova-piedecuesta/15017172,286047000,3,2,65.37,piedecuesta,desconocido
372,"ENTREVERDE CLUB, Apartamento en Venta en Nueva zelandia, Bogotá",https://www.fincaraiz.com.co/proyectos-vivienda/entreverde-club-apartamentos-en-venta-en-nueva-zelandia-bogota/4916503,214000000,1,1,27.67,bogotá,Orinoquía
373,"SEROA, Apartamento en Venta en Avenida Centenario, Armenia",https://www.fincaraiz.com.co/proyectos-vivienda/seroa-apartamentos-en-venta-en-avenida-centenario-armenia/15017450,240000000,1,1,36.98,armenia,Andina
374,"CARIBBEAN BEACH RESORT, Apartamento en Venta en Pozos Colorados, Santa marta",https://www.fincaraiz.com.co/proyectos-vivienda/caribbean-beach-resort-apartamentos-en-venta-en-pozos-colorados-santa-marta/15017451,476701000,1,1,35.79,santa marta,Caribe
375,"ÁKI, Apartamento en Venta en Bello",https://www.fincaraiz.com.co/proyectos-vivienda/aki-apartamentos-en-venta-en-bello/7656909,335988790,2,2,50.65,bello,desconocido
376,"Terraza de Miraflores, Apartamento en Venta en Centro, Piedecuesta",https://www.fincaraiz.com.co/proyectos-vivienda/terraza-de-miraflores-apartamentos-en-venta-en-piedecuesta/2393475,195000000,2,2,51.02,piedecuesta,desconocido
377,"AUSTRO CUATRO VIENTOS, Apartamento en Venta en Montevideo, Bogotá",https://www.fincaraiz.com.co/proyectos-vivienda/austro-cuatro-vientos-apartamentos-en-venta-en-montevideo-bogota/5829490,407000000,2,2,58,bogotá,Orinoquía
378,"ARBOREA, Apartamento en Venta en Las villas, Zipaquirá",https://www.fincaraiz.com.co/proyectos-vivienda/arborea-apartamentos-en-venta-en-las-villas-zipaquira/6969866,284204668,3,2,61.57,zipaquirá,desconocido
379,"PORTALES DE GRANADA, Apartamento en Venta en Engativá, Bogotá",https://www.fincaraiz.com.co/proyectos-vivienda/portales-de-granada-apartamentos-en-venta-en-engativa-bogota/10190283,500000000,3,2,88,bogotá,Orinoquía
380,"ZEFIRO, Apartamento en Venta en Novaterra, Mosquera",https://www.fincaraiz.com.co/proyectos-vivienda/zefiro-apartamentos-en-venta-en-novaterra-mosquera/6969701,193140000,2,1,42.3,mosquera,desconocido
381,"SANTA MARIA DEL BUQUE, Apartamento en Venta en Esperanza, Villavicencio",https://www.fincaraiz.com.co/proyectos-vivienda/santa-maria-del-buque-apartamentos-en-venta-en-esperanza-villavicencio/10187111,1092580000,3,3,134.81,villavicencio,Orinoquía
382,"ACANTO 2, Apartamento en Venta en Mosquera",https://www.fincaraiz.com.co/proyectos-vivienda/acanto-2-apartamentos-en-venta-en-mosquera/6688163,217999000,2,2,38.5,mosquera,desconocido
383,"CAÑAVIVA, Apartamento en Venta en La glorieta, Pereira",https://www.fincaraiz.com.co/proyectos-vivienda/cañaviva-apartamentos-en-venta-en-la-glorieta-pereira/4913502,299000000,1,2,40,pereira,Andina
384,"LORETO APARTAMENTOS VIP IBAGUÉ, Apartamento en Venta en Ub. fuente real, Ibagué",https://www.fincaraiz.com.co/proyectos-vivienda/loreto-apartamentos-vip-ibague-apartamentos-en-venta-en-nuevo-bilbao-ibague/15017440,137082817,2,2,41.47,ibagué,Andina
385,"SANTA BARBARA CLUB HOUSE, Casa en Venta en Conjunto residencial villa campestre, Barranquilla",https://www.fincaraiz.com.co/proyectos-vivienda/santa-barbara-club-house-casas-en-venta-en-puerto-colombia/6809342,1450000000,3,3,191,barranquilla,Caribe
386,"CEREZO, Apartamento en Venta en Lagos de Torca, Bogotá",https://www.fincaraiz.com.co/proyectos-vivienda/cerezo-apartamentos-en-venta-en-lagos-de-torca-bogota/6382051,559000000,2,2,69,bogotá,Orinoquía
387,"FIORENTTI, Apartamento en Venta en Ternera, Cartagena",https://www.fincaraiz.com.co/proyectos-vivienda/fiorentti-apartamentos-en-venta-en-ternera-cartagena/10656397,454945000,3,2,84.67,cartagena,Caribe
388,"SONATTO, Apartamento en Venta en Machado, Copacabana",https://www.fincaraiz.com.co/proyectos-vivienda/sonatto-apartamentos-en-venta-en-machado-copacabana/7086228,228500000,3,2,55.21,copacabana,desconocido
389,"NIZA 92, Apartamento en Venta en El poblado, Barranquilla",https://www.fincaraiz.com.co/proyectos-vivienda/niza-92-apartamentos-en-venta-en-el-poblado-barranquilla/15016932,474000000,3,2,79,barranquilla,Caribe
390,"SOLARE, Apartamento en Venta en Las villas, Zipaquirá",https://www.fincaraiz.com.co/proyectos-vivienda/solare-apartamentos-en-venta-en-las-villas-zipaquira/7426161,195000000,3,2,50.7,zipaquirá,desconocido
391,"BAVIERA, Apartamento en Venta en Prados de la Sabana, Bogotá",https://www.fincaraiz.com.co/proyectos-vivienda/baviera-apartamentos-en-venta-en-prados-de-la-sabana-bogota/15017164,658095000,3,2,65.57,bogotá,Orinoquía
392,"HACIENDA CAMPESTRE, Casa en Venta en Caicedonia",https://www.fincaraiz.com.co/proyectos-vivienda/hacienda-campestre-casas-en-venta-en-caicedonia/15017088,250200000,3,4,92,caicedonia,desconocido
393,"ALCALÁ, Casa en Venta en Siberia, Cota",https://www.fincaraiz.com.co/proyectos-vivienda/alcala-casas-en-venta-en-siberia-cota/7117233,1850000000,4,4,172,cota,desconocido
394,"PROVENZA REGENZY, Apartamento en Venta en Suba, Bogotá",https://www.fincaraiz.com.co/proyectos-vivienda/provenza-regenzy-apartamentos-en-venta-en-suba-bogota/15017480,897060000,2,2,70,bogotá,Orinoquía
395,"LA MACARENA, Apartamento en Venta en Mt centauros, Villavicencio",https://www.fincaraiz.com.co/proyectos-vivienda/la-macarena-apartamentos-en-venta-en-cr-gratamira-villavicencio/15017274,430000000,3,2,75,villavicencio,Orinoquía
396,"PROVENZA IMPERIAL, Apartamento en Venta en Lagos de Cordoba, Bogotá",https://www.fincaraiz.com.co/proyectos-vivienda/provenza-imperial-apartamentos-en-venta-en-lagos-de-cordoba-bogota/15017161,1866538000,3,5,167.94,bogotá,Orinoquía
397,"HELICONIAS, Apartamento en Venta en Nuevo Sotomayor, Bucaramanga",https://www.fincaraiz.com.co/proyectos-vivienda/heliconias-apartamentos-en-venta-en-la-concordia-bucaramanga/10230671,246400000,3,2,60.67,bucaramanga,Andina
398,"FLORA, Apartamento en Venta en Cerritos, Pereira",https://www.fincaraiz.com.co/proyectos-vivienda/flora-apartamentos-en-venta-en-el-poblado-i-etapa-pereira/15017091,221297000,1,1,37.3,pereira,Andina
399,"Ciudad del Parque Salamanca, Apartamento en Venta en El manantial, Soledad",https://www.fincaraiz.com.co/proyectos-vivienda/ciudad-del-parque-salamanca-apartamentos-en-venta-en-soledad/15017222,174200000,2,2,52.07,soledad,desconocido
400,"CITYLIVE HUNDRED, Apartamento en Venta en Barrios Unidos, Bogotá",https://www.fincaraiz.com.co/proyectos-vivienda/citylive-hundred-apartamentos-en-venta-en-barrios-unidos-bogota/15017515,230607000,1,1,19,bogotá,Orinoquía
401,"PLAYA SANTUA SIERRA, Apartamento en Venta en Pozos Colorados, Santa marta",https://www.fincaraiz.com.co/proyectos-vivienda/playa-santua-sierra-apartamentos-en-venta-en-pozos-colorados-santa-marta/15017057,522500000,1,1,39.5,santa marta,Caribe
402,"Praia Tower House, Apartamento en Venta en Crespo, Cartagena",https://www.fincaraiz.com.co/proyectos-vivienda/praia-tower-house-apartamentos-en-venta-en-crespo-cartagena/10718645,590000000,2,3,91.42,cartagena,Caribe
403,"Ciudad La Salle Chamonix, Apartamento en Venta en Alameda, Bogotá",https://www.fincaraiz.com.co/proyectos-vivienda/ciudad-la-salle-chamonix-apartamentos-en-venta-en-alameda-bogota/15017178,140261000,1,1,30.09,bogotá,Orinoquía
404,"INIZZIA, Apartamento en Venta en Lagos de Torca, Bogotá",https://www.fincaraiz.com.co/proyectos-vivienda/inizzia-apartamentos-en-venta-en-lagos-de-torca-bogota/15017477,210956459,1,1,26.1,bogotá,Orinoquía
405,"Puerta Dorada La Isla, Apartamento en Venta en Miramar, Barranquilla",https://www.fincaraiz.com.co/proyectos-vivienda/puerta-dorada-la-isla-apartamentos-en-venta-en-miramar-barranquilla/15017215,195000000,2,2,48.53,barranquilla,Caribe
406,"MARQUESA DE LA ANTIGUA, Apartamento en Venta en La estrella",https://www.fincaraiz.com.co/proyectos-vivienda/marquesa-de-la-antigua-apartamentos-en-venta-en-la-estrella/15016826,404400000,2,2,62.45,la estrella,desconocido
407,"ARBOLEDA CAMPESTRE, Apartamento en Venta en Comuna 8, Villavicencio",https://www.fincaraiz.com.co/proyectos-vivienda/arboleda-campestre-apartamentos-en-venta-en-comuna-8-villavicencio/7762389,152338000,1,1,31,villavicencio,Orinoquía
408,"MARENA, Apartamento en Venta en Pozos Colorados, Santa marta",https://www.fincaraiz.com.co/proyectos-vivienda/marena-apartamentos-en-venta-en-pozos-colorados-santa-marta/15016987,326498220,1,1,30.98,santa marta,Caribe
409,"INGÁ, Apartamento en Venta en El dorado, Pereira",https://www.fincaraiz.com.co/proyectos-vivienda/inga-apartamentos-en-venta-en-el-poblado-i-etapa-pereira/15017090,384000000,3,2,63.62,pereira,Andina
410,"RESERVA DE GRANADA 6, Apartamento en Venta en Engativá, Bogotá",https://www.fincaraiz.com.co/proyectos-vivienda/reserva-de-granada-6-apartamentos-en-venta-en-engativa-bogota/6914894,504000000,3,2,81,bogotá,Orinoquía
411,"CANTABRIA, Apartamento en Venta en Engativá, Bogotá",https://www.fincaraiz.com.co/proyectos-vivienda/cantabria-apartamentos-en-venta-en-engativa-bogota/4812717,620000000,2,2,72,bogotá,Orinoquía
412,"Bulan Sky Line, Apartamento en Venta en La Boquilla, Cartagena",https://www.fincaraiz.com.co/proyectos-vivienda/bulan-sky-line-apartamentos-en-venta-en-cielo-mar-cartagena/10718285,527446712,1,2,66.87,cartagena,Caribe
413,"BALUARTE DEL CARIBE, Apartamento en Venta en Lomas de san bernardo, Cartagena",https://www.fincaraiz.com.co/proyectos-vivienda/baluarte-del-caribe-apartamentos-en-venta-en-daniel-lemaitre-cartagena/4682857,300000000,2,2,58.5,cartagena,Caribe
414,"Bulevar del Puente, Apartamento en Venta en Piedecuesta",https://www.fincaraiz.com.co/proyectos-vivienda/bulevar-del-puente-apartamentos-en-venta-en-piedecuesta/15017194,195000000,2,2,59.48,piedecuesta,desconocido
415,"ALTOS DEL PARQUE, Apartamento en Venta en Villa carolina, Barranquilla",https://www.fincaraiz.com.co/proyectos-vivienda/altos-del-parque-apartamentos-en-venta-en-villa-carolina-barranquilla/10388671,466170000,3,2,85.97,barranquilla,Caribe
416,"BORA CAMPESTRE, Casa en Venta en El bosque, Caicedonia",https://www.fincaraiz.com.co/proyectos-vivienda/bora-campestre-casas-en-venta-en-caicedonia/15017085,273962500,2,2,70.7,caicedonia,desconocido
417,"VIVANTE, Apartamento en Venta en La Morada, Jamundí",https://www.fincaraiz.com.co/proyectos-vivienda/vivante-apartamentos-en-venta-en-la-morada-jamundi/10972642,225500000,2,2,58.95,jamundí,desconocido
418,"BURGOS CASTILLA RESERVADO, Apartamento en Venta en El tintal, Bogotá",https://www.fincaraiz.com.co/proyectos-vivienda/burgos-castilla-reservado-apartamentos-en-venta-en-el-tintal-bogota/3788692,348098000,2,2,51.93,bogotá,Orinoquía
419,"MARAWA, Apartamento en Venta en Bello horizonte, Santa marta",https://www.fincaraiz.com.co/proyectos-vivienda/marawa-apartamentos-en-venta-en-bello-horizonte-santa-marta/10463767,1710840000,3,3,132.5,santa marta,Caribe
